6
3.00000000000000000e+00
10
64 64
3.56687657934751101e-03 0.00000000000000000e+00
0.00000000000000000e+00 0.00000000000000000e+00
0.00000000000000000e+00 0.00000000000000000e+00
1.65654037436723051e-01 -4.46007774040900612e-02
0.00000000000000000e+00 0.00000000000000000e+00
1.36182356027335860e-01 2.59004964270461879e-01
1.19215497982857799e-01 1.96111962172115323e-01
0.00000000000000000e+00 0.00000000000000000e+00
0.00000000000000000e+00 0.00000000000000000e+00
1.46632415727755760e-01 3.57679235484581193e-02
1.37076666888630433e-01 6.53594114848050911e-02
0.00000000000000000e+00 0.00000000000000000e+00
-4.33920297477190173e-02 3.92026383027349323e-01
0.00000000000000000e+00 0.00000000000000000e+00
0.00000000000000000e+00 0.00000000000000000e+00
5.10423632420342541e-02 7.19100305171915671e-02
0.00000000000000000e+00 0.00000000000000000e+00
-5.12373543269037043e-03 -1.35426853574000028e-01
-1.57720460070414820e-01 1.54321904399447124e-01
0.00000000000000000e+00 0.00000000000000000e+00
-9.16569082555540177e-02 8.24423674265995776e-02
0.00000000000000000e+00 0.00000000000000000e+00
0.00000000000000000e+00 0.00000000000000000e+00
7.24941266007049778e-02 -3.68639830478650274e-02
-1.77265804328643854e-02 3.65964974563684153e-01
0.00000000000000000e+00 0.00000000000000000e+00
0.00000000000000000e+00 0.00000000000000000e+00
5.40349979888504750e-02 -2.63783656675282280e-02
0.00000000000000000e+00 0.00000000000000000e+00
2.31179383840679695e-02 -3.31002042520952555e-02
-2.06600178733715195e-01 -1.08654443970540249e-01
0.00000000000000000e+00 0.00000000000000000e+00
0.00000000000000000e+00 0.00000000000000000e+00
-1.22346281152839326e-01 2.38371495035809400e-01
-1.06762544834555426e-01 9.70899409569213473e-02
0.00000000000000000e+00 0.00000000000000000e+00
-4.50038365050994399e-02 1.37771503286415381e-01
0.00000000000000000e+00 0.00000000000000000e+00
0.00000000000000000e+00 0.00000000000000000e+00
-3.11625901500209523e-01 -8.63112301426542800e-02
-1.17608004704116850e-01 -1.25199717466564470e-01
0.00000000000000000e+00 0.00000000000000000e+00
0.00000000000000000e+00 0.00000000000000000e+00
1.69336504835103541e-01 -1.12743292818088439e-01
0.00000000000000000e+00 0.00000000000000000e+00
1.84395617768952358e-03 5.20406602915051558e-02
-3.57279543507506639e-02 -6.76782674272128071e-02
0.00000000000000000e+00 0.00000000000000000e+00
2.28268424563497496e-02 3.15908106340191466e-02
0.00000000000000000e+00 0.00000000000000000e+00
0.00000000000000000e+00 0.00000000000000000e+00
-1.61122077292360194e-01 6.65257045501884275e-02
0.00000000000000000e+00 0.00000000000000000e+00
-1.97877336549239918e-02 5.14656096115444980e-02
5.34925314079479075e-03 1.02281164887247450e-01
0.00000000000000000e+00 0.00000000000000000e+00
0.00000000000000000e+00 0.00000000000000000e+00
-1.25993670392648138e-01 -8.79278599312043607e-02
-2.23808080046936031e-01 -1.69677244438601466e-02
0.00000000000000000e+00 0.00000000000000000e+00
1.17277414276190373e-01 3.94804195675235725e-03
0.00000000000000000e+00 0.00000000000000000e+00
0.00000000000000000e+00 0.00000000000000000e+00
0.00000000000000000e+00 0.00000000000000000e+00
0.00000000000000000e+00 0.00000000000000000e+00
-1.33274976940382511e-02 0.00000000000000000e+00
-1.72845148863739029e-01 3.54612335545507612e-02
0.00000000000000000e+00 0.00000000000000000e+00
1.62754394649078704e-01 2.89024511294060874e-03
0.00000000000000000e+00 0.00000000000000000e+00
0.00000000000000000e+00 0.00000000000000000e+00
4.85466677065551841e-02 1.17187361278360908e-01
1.32234884119904361e-01 -1.99783720105637073e-02
0.00000000000000000e+00 0.00000000000000000e+00
0.00000000000000000e+00 0.00000000000000000e+00
-6.21451742844890409e-03 -2.32346081220624091e-03
0.00000000000000000e+00 0.00000000000000000e+00
-4.07785333914096465e-03 2.10979485193687533e-01
-7.08292381428295426e-02 4.10074773660600161e-02
0.00000000000000000e+00 0.00000000000000000e+00
6.25193783490575472e-02 5.57746486018756357e-02
0.00000000000000000e+00 0.00000000000000000e+00
0.00000000000000000e+00 0.00000000000000000e+00
-9.08637566648054229e-02 1.12376762340394579e-01
0.00000000000000000e+00 0.00000000000000000e+00
-1.36890815712145692e-02 5.29212789048668086e-02
-5.79749191608534484e-02 7.76562985611172762e-02
0.00000000000000000e+00 0.00000000000000000e+00
0.00000000000000000e+00 0.00000000000000000e+00
2.72453086128375925e-02 3.10622231559570083e-01
4.45469794164949362e-02 -5.55127932383480613e-02
0.00000000000000000e+00 0.00000000000000000e+00
3.41565834819525030e-02 1.28125567140861762e-01
0.00000000000000000e+00 0.00000000000000000e+00
0.00000000000000000e+00 0.00000000000000000e+00
-2.06600178733715195e-01 -1.08654443970540249e-01
7.96720170774027903e-02 -1.05626460925181048e-01
0.00000000000000000e+00 0.00000000000000000e+00
0.00000000000000000e+00 0.00000000000000000e+00
-2.02838347027581717e-01 1.12701253942288013e-01
0.00000000000000000e+00 0.00000000000000000e+00
1.39297262559522905e-02 5.42940484362221740e-02
-4.31117762271848587e-02 1.06601970155445799e-01
0.00000000000000000e+00 0.00000000000000000e+00
0.00000000000000000e+00 0.00000000000000000e+00
1.32648882117833850e-01 4.26966176708344566e-02
-1.45137365264140089e-02 1.24778673911036600e-01
0.00000000000000000e+00 0.00000000000000000e+00
-2.59706827388587330e-02 -2.54642089339244815e-01
0.00000000000000000e+00 0.00000000000000000e+00
0.00000000000000000e+00 0.00000000000000000e+00
-3.57279543507506639e-02 -6.76782674272128071e-02
0.00000000000000000e+00 0.00000000000000000e+00
-1.69366390168846553e-01 1.33893504551062054e-01
-3.06898313542641119e-02 -9.83444245238825066e-03
0.00000000000000000e+00 0.00000000000000000e+00
3.00638198683769592e-02 -3.81450646668729521e-02
0.00000000000000000e+00 0.00000000000000000e+00
0.00000000000000000e+00 0.00000000000000000e+00
5.34925314079479075e-03 1.02281164887247450e-01
-1.62680352455033594e-01 9.79496038673750846e-03
0.00000000000000000e+00 0.00000000000000000e+00
0.00000000000000000e+00 0.00000000000000000e+00
-2.23808080046936031e-01 -1.69677244438601466e-02
0.00000000000000000e+00 0.00000000000000000e+00
1.17277414276190373e-01 3.94804195675235725e-03
0.00000000000000000e+00 0.00000000000000000e+00
0.00000000000000000e+00 0.00000000000000000e+00
0.00000000000000000e+00 0.00000000000000000e+00
-1.72845148863739029e-01 -3.54612335545507612e-02
-8.00099074687220246e-03 0.00000000000000000e+00
0.00000000000000000e+00 0.00000000000000000e+00
1.01095097784469595e-01 -1.25052540743729040e-01
0.00000000000000000e+00 0.00000000000000000e+00
0.00000000000000000e+00 0.00000000000000000e+00
4.06063483267169387e-02 -2.05956423649674453e-01
-1.94491178697545342e-01 1.53131276831101032e-01
0.00000000000000000e+00 0.00000000000000000e+00
0.00000000000000000e+00 0.00000000000000000e+00
3.57037347135122363e-02 -2.25085317748405872e-01
0.00000000000000000e+00 0.00000000000000000e+00
1.64396727501746026e-01 1.41610344032098101e-01
8.37691941046437849e-02 3.04462810881326151e-01
0.00000000000000000e+00 0.00000000000000000e+00
1.24490726046204980e-01 -2.59728292590643395e-01
0.00000000000000000e+00 0.00000000000000000e+00
0.00000000000000000e+00 0.00000000000000000e+00
-1.17390814685370617e-01 1.75359672463986926e-01
0.00000000000000000e+00 0.00000000000000000e+00
-5.34732970944262614e-02 3.17062795634319439e-01
8.79366279662439077e-02 -2.19695338428255935e-02
0.00000000000000000e+00 0.00000000000000000e+00
0.00000000000000000e+00 0.00000000000000000e+00
1.85206315660702336e-01 6.91923931821522842e-02
-6.87377379200199284e-02 1.70836248597446755e-01
0.00000000000000000e+00 0.00000000000000000e+00
6.86657680076158388e-04 2.43505259897222992e-01
0.00000000000000000e+00 0.00000000000000000e+00
0.00000000000000000e+00 0.00000000000000000e+00
-2.31179383840679695e-02 3.31002042520952555e-02
1.12861494232945250e-02 -1.12349319268235451e-01
0.00000000000000000e+00 0.00000000000000000e+00
0.00000000000000000e+00 0.00000000000000000e+00
3.76404953439495593e-02 -1.07996550891474460e-01
0.00000000000000000e+00 0.00000000000000000e+00
1.33757886615045729e-01 8.64275938431413038e-02
-8.29472317022273836e-02 6.68570149275655584e-02
0.00000000000000000e+00 0.00000000000000000e+00
0.00000000000000000e+00 0.00000000000000000e+00
1.40076424728594273e-01 1.00815041645910361e-01
-3.37276487059662622e-01 -9.68893372002936210e-02
0.00000000000000000e+00 0.00000000000000000e+00
-1.31478124059107887e-01 1.69473522860932840e-01
0.00000000000000000e+00 0.00000000000000000e+00
0.00000000000000000e+00 0.00000000000000000e+00
-1.84395617768952358e-03 -5.20406602915051558e-02
0.00000000000000000e+00 0.00000000000000000e+00
-5.99108761742652915e-02 -2.87780353384484378e-01
1.74292597961224066e-02 1.40433716842130796e-01
0.00000000000000000e+00 0.00000000000000000e+00
1.42464386348474442e-01 -1.36339207860544306e-03
0.00000000000000000e+00 0.00000000000000000e+00
0.00000000000000000e+00 0.00000000000000000e+00
1.97877336549239918e-02 -5.14656096115444980e-02
5.04064595309109270e-02 -1.15390149453343721e-01
0.00000000000000000e+00 0.00000000000000000e+00
0.00000000000000000e+00 0.00000000000000000e+00
1.25993670392648138e-01 8.79278599312043607e-02
0.00000000000000000e+00 0.00000000000000000e+00
0.00000000000000000e+00 0.00000000000000000e+00
1.17277414276190373e-01 3.94804195675235725e-03
0.00000000000000000e+00 0.00000000000000000e+00
1.65654037436723051e-01 4.46007774040900612e-02
0.00000000000000000e+00 0.00000000000000000e+00
0.00000000000000000e+00 0.00000000000000000e+00
-9.25658889880109914e-02 0.00000000000000000e+00
0.00000000000000000e+00 0.00000000000000000e+00
2.59157357629983376e-01 -9.84164665961848178e-02
-1.30182413362003147e-01 -3.38347255066108396e-02
0.00000000000000000e+00 0.00000000000000000e+00
0.00000000000000000e+00 0.00000000000000000e+00
1.24243304952732031e-01 1.62515846909211281e-01
-2.14211150953386442e-01 1.39523544685824813e-01
0.00000000000000000e+00 0.00000000000000000e+00
-3.21969863312325452e-02 -9.16409618012768851e-02
0.00000000000000000e+00 0.00000000000000000e+00
0.00000000000000000e+00 0.00000000000000000e+00
1.23083370513221851e-01 1.23415913047664472e-01
0.00000000000000000e+00 0.00000000000000000e+00
1.02099825307893438e-01 -1.58230102128752881e-01
-1.03816094594216937e-01 3.16942665706128543e-02
0.00000000000000000e+00 0.00000000000000000e+00
-6.19820462804870562e-02 -2.15754111636665621e-02
0.00000000000000000e+00 0.00000000000000000e+00
0.00000000000000000e+00 0.00000000000000000e+00
1.65904454650583344e-01 -5.14906223645583555e-02
-8.86486532209833020e-03 -1.80364437783862436e-02
0.00000000000000000e+00 0.00000000000000000e+00
0.00000000000000000e+00 0.00000000000000000e+00
-2.37658488743179575e-02 1.15493505593332671e-01
0.00000000000000000e+00 0.00000000000000000e+00
6.86657680076158388e-04 2.43505259897222992e-01
-3.41565834819525030e-02 -1.28125567140861762e-01
0.00000000000000000e+00 0.00000000000000000e+00
0.00000000000000000e+00 0.00000000000000000e+00
6.98702080727439667e-02 -2.45587142287620463e-02
-5.36721734274702711e-02 1.88504089837435440e-01
0.00000000000000000e+00 0.00000000000000000e+00
-2.16533921929321749e-01 -1.04276471506837817e-01
0.00000000000000000e+00 0.00000000000000000e+00
0.00000000000000000e+00 0.00000000000000000e+00
-2.40136689411756740e-02 -1.66204399226276556e-02
6.38574808536593180e-02 1.27290392947851994e-01
0.00000000000000000e+00 0.00000000000000000e+00
0.00000000000000000e+00 0.00000000000000000e+00
-8.70196002377118943e-02 7.10069979371052984e-02
0.00000000000000000e+00 0.00000000000000000e+00
-1.31478124059107887e-01 1.69473522860932840e-01
2.59706827388587330e-02 2.54642089339244815e-01
0.00000000000000000e+00 0.00000000000000000e+00
-1.50512776483571503e-01 -4.94958179067119947e-02
0.00000000000000000e+00 0.00000000000000000e+00
0.00000000000000000e+00 0.00000000000000000e+00
-1.74763972829073910e-01 2.42736410759173682e-01
0.00000000000000000e+00 0.00000000000000000e+00
1.42464386348474442e-01 -1.36339207860544306e-03
-3.00638198683769592e-02 3.81450646668729521e-02
0.00000000000000000e+00 0.00000000000000000e+00
0.00000000000000000e+00 0.00000000000000000e+00
5.04064595309109270e-02 -1.15390149453343721e-01
1.62680352455033594e-01 -9.79496038673750846e-03
0.00000000000000000e+00 0.00000000000000000e+00
0.00000000000000000e+00 0.00000000000000000e+00
0.00000000000000000e+00 0.00000000000000000e+00
0.00000000000000000e+00 0.00000000000000000e+00
1.17277414276190373e-01 3.94804195675235725e-03
0.00000000000000000e+00 0.00000000000000000e+00
1.62754394649078704e-01 -2.89024511294060874e-03
1.01095097784469595e-01 1.25052540743729040e-01
0.00000000000000000e+00 0.00000000000000000e+00
1.23973285061157248e-01 0.00000000000000000e+00
0.00000000000000000e+00 0.00000000000000000e+00
0.00000000000000000e+00 0.00000000000000000e+00
1.03728779614693650e-01 -1.34186894086088387e-01
1.93879924675039589e-03 -1.86474092910385192e-01
0.00000000000000000e+00 0.00000000000000000e+00
0.00000000000000000e+00 0.00000000000000000e+00
3.99099645487214993e-01 -1.08196814409324313e-01
0.00000000000000000e+00 0.00000000000000000e+00
-1.45089554077546062e-01 1.27126065876435324e-01
-1.51565125223556446e-01 1.37310547895278020e-02
0.00000000000000000e+00 0.00000000000000000e+00
-5.21564292346160044e-02 -1.35938269515404553e-01
0.00000000000000000e+00 0.00000000000000000e+00
0.00000000000000000e+00 0.00000000000000000e+00
4.99185847068782176e-02 5.82010063199170091e-02
0.00000000000000000e+00 0.00000000000000000e+00
6.47224245045044735e-03 1.42400888434348477e-03
1.26302196512460746e-01 -1.82270414182291673e-01
0.00000000000000000e+00 0.00000000000000000e+00
0.00000000000000000e+00 0.00000000000000000e+00
-2.02744068428461141e-02 -7.69017819142991665e-02
-2.82273539296698968e-02 1.87248726593750997e-02
0.00000000000000000e+00 0.00000000000000000e+00
1.14427778997755719e-01 1.04896947093246623e-01
0.00000000000000000e+00 0.00000000000000000e+00
0.00000000000000000e+00 0.00000000000000000e+00
5.40349979888504750e-02 -2.63783656675282280e-02
-2.61575522495849332e-02 1.63289156550261161e-02
0.00000000000000000e+00 0.00000000000000000e+00
0.00000000000000000e+00 0.00000000000000000e+00
-3.56443934449233099e-02 7.65827551058084199e-02
0.00000000000000000e+00 0.00000000000000000e+00
9.70206697744398078e-02 -7.09772896977136913e-02
9.91448735721199015e-02 2.41847864649632482e-02
0.00000000000000000e+00 0.00000000000000000e+00
0.00000000000000000e+00 0.00000000000000000e+00
1.33617861316680298e-01 1.58875609933474160e-01
-4.00891190075908649e-02 1.34082932883794997e-01
0.00000000000000000e+00 0.00000000000000000e+00
1.49740049377792388e-02 7.24681482471786903e-02
0.00000000000000000e+00 0.00000000000000000e+00
0.00000000000000000e+00 0.00000000000000000e+00
1.69336504835103541e-01 -1.12743292818088439e-01
0.00000000000000000e+00 0.00000000000000000e+00
8.22511654075016863e-02 -3.53290543228627005e-02
7.81889574819587818e-02 -1.32393130991964925e-01
0.00000000000000000e+00 0.00000000000000000e+00
1.71807845058514430e-01 -2.65824128681514615e-01
0.00000000000000000e+00 0.00000000000000000e+00
0.00000000000000000e+00 0.00000000000000000e+00
-1.61122077292360194e-01 6.65257045501884275e-02
-2.71815670847028790e-01 1.82575774526031159e-01
0.00000000000000000e+00 0.00000000000000000e+00
0.00000000000000000e+00 0.00000000000000000e+00
0.00000000000000000e+00 0.00000000000000000e+00
0.00000000000000000e+00 0.00000000000000000e+00
1.25993670392648138e-01 8.79278599312043607e-02
2.23808080046936031e-01 1.69677244438601466e-02
0.00000000000000000e+00 0.00000000000000000e+00
1.36182356027335860e-01 -2.59004964270461879e-01
0.00000000000000000e+00 0.00000000000000000e+00
0.00000000000000000e+00 0.00000000000000000e+00
2.59157357629983376e-01 9.84164665961848178e-02
0.00000000000000000e+00 0.00000000000000000e+00
4.12187943451706451e-02 0.00000000000000000e+00
-1.07782195303150807e-01 1.28697653241638371e-01
0.00000000000000000e+00 0.00000000000000000e+00
0.00000000000000000e+00 0.00000000000000000e+00
-1.13202678343149898e-01 -1.14248037081448761e-01
1.58686291822641629e-01 1.32148465869382753e-01
0.00000000000000000e+00 0.00000000000000000e+00
2.25900791406791868e-01 1.26088397358839921e-01
0.00000000000000000e+00 0.00000000000000000e+00
0.00000000000000000e+00 0.00000000000000000e+00
-8.27394090647710911e-03 8.14139270865391340e-02
0.00000000000000000e+00 0.00000000000000000e+00
2.37673543996684590e-02 3.22296038473400409e-02
1.04269198181807216e-01 1.42655195474803709e-01
0.00000000000000000e+00 0.00000000000000000e+00
1.27328456252935707e-01 -1.79528711939833607e-01
0.00000000000000000e+00 0.00000000000000000e+00
0.00000000000000000e+00 0.00000000000000000e+00
5.94454931068513701e-02 -1.40325272123239086e-01
2.73974178885739716e-01 -1.59000529758729442e-01
0.00000000000000000e+00 0.00000000000000000e+00
0.00000000000000000e+00 0.00000000000000000e+00
-2.82273539296698968e-02 1.87248726593750997e-02
0.00000000000000000e+00 0.00000000000000000e+00
1.59399668043457676e-01 4.95542040891325253e-02
4.45469794164949362e-02 -5.55127932383480613e-02
0.00000000000000000e+00 0.00000000000000000e+00
0.00000000000000000e+00 0.00000000000000000e+00
1.26637398895927872e-01 2.78287915442335526e-02
-6.05771107578039897e-02 -3.92604987315969545e-02
0.00000000000000000e+00 0.00000000000000000e+00
-1.64583354626090528e-01 6.67374641327564931e-03
0.00000000000000000e+00 0.00000000000000000e+00
0.00000000000000000e+00 0.00000000000000000e+00
1.95220675765146207e-01 8.57347347959655504e-03
-2.01068247600704936e-01 1.11496081098786531e-02
0.00000000000000000e+00 0.00000000000000000e+00
0.00000000000000000e+00 0.00000000000000000e+00
-4.00891190075908649e-02 1.34082932883794997e-01
0.00000000000000000e+00 0.00000000000000000e+00
2.65230891759729970e-01 2.40364483384577610e-01
-1.45137365264140089e-02 1.24778673911036600e-01
0.00000000000000000e+00 0.00000000000000000e+00
-1.84664892544757542e-01 -2.49651983933293520e-01
0.00000000000000000e+00 0.00000000000000000e+00
0.00000000000000000e+00 0.00000000000000000e+00
7.81889574819587818e-02 -1.32393130991964925e-01
0.00000000000000000e+00 0.00000000000000000e+00
-2.03853875666818868e-02 -1.63521434764471729e-01
-3.06898313542641119e-02 -9.83444245238825066e-03
0.00000000000000000e+00 0.00000000000000000e+00
0.00000000000000000e+00 0.00000000000000000e+00
-2.71815670847028790e-01 1.82575774526031159e-01
0.00000000000000000e+00 0.00000000000000000e+00
0.00000000000000000e+00 0.00000000000000000e+00
1.62680352455033594e-01 -9.79496038673750846e-03
0.00000000000000000e+00 0.00000000000000000e+00
0.00000000000000000e+00 0.00000000000000000e+00
2.23808080046936031e-01 1.69677244438601466e-02
1.19215497982857799e-01 -1.96111962172115323e-01
0.00000000000000000e+00 0.00000000000000000e+00
0.00000000000000000e+00 0.00000000000000000e+00
-1.30182413362003147e-01 3.38347255066108396e-02
0.00000000000000000e+00 0.00000000000000000e+00
-1.07782195303150807e-01 -1.28697653241638371e-01
5.73655714423078888e-02 0.00000000000000000e+00
0.00000000000000000e+00 0.00000000000000000e+00
0.00000000000000000e+00 0.00000000000000000e+00
1.00367804475557515e-01 4.51723268386097498e-02
-2.09186014628917061e-01 -6.51220356005820233e-02
0.00000000000000000e+00 0.00000000000000000e+00
-1.31362987810040993e-02 8.54242087167763064e-02
0.00000000000000000e+00 0.00000000000000000e+00
0.00000000000000000e+00 0.00000000000000000e+00
-3.72465963637219136e-02 6.21913283235124431e-02
0.00000000000000000e+00 0.00000000000000000e+00
2.25687963503644284e-01 -1.07657378672427834e-01
4.46428062244221338e-02 -8.18763700695097352e-02
0.00000000000000000e+00 0.00000000000000000e+00
-1.58721354773521089e-01 1.77461470413769362e-01
0.00000000000000000e+00 0.00000000000000000e+00
0.00000000000000000e+00 0.00000000000000000e+00
1.16042307667610506e-01 -4.13568277743303694e-02
-8.60799350321485440e-02 -1.97473547001007360e-01
0.00000000000000000e+00 0.00000000000000000e+00
0.00000000000000000e+00 0.00000000000000000e+00
2.02744068428461141e-02 7.69017819142991665e-02
0.00000000000000000e+00 0.00000000000000000e+00
1.85206315660702336e-01 6.91923931821522842e-02
6.34166215106001657e-02 -9.02317788729907616e-02
0.00000000000000000e+00 0.00000000000000000e+00
0.00000000000000000e+00 0.00000000000000000e+00
-1.28379254785360664e-01 2.35174213999183201e-01
1.36626300398639905e-01 7.07202360634827942e-02
0.00000000000000000e+00 0.00000000000000000e+00
5.70255621029331985e-02 -1.47238393300485160e-01
0.00000000000000000e+00 0.00000000000000000e+00
0.00000000000000000e+00 0.00000000000000000e+00
-1.23148839655500570e-02 -5.93976544466212272e-02
-2.30317570670068611e-01 -6.92772510641445349e-02
0.00000000000000000e+00 0.00000000000000000e+00
0.00000000000000000e+00 0.00000000000000000e+00
-1.33617861316680298e-01 -1.58875609933474160e-01
0.00000000000000000e+00 0.00000000000000000e+00
1.40076424728594273e-01 1.00815041645910361e-01
-2.04694477417766502e-01 1.00778528513449525e-01
0.00000000000000000e+00 0.00000000000000000e+00
-1.23915809914923597e-01 1.39167967379260432e-01
0.00000000000000000e+00 0.00000000000000000e+00
0.00000000000000000e+00 0.00000000000000000e+00
-8.22511654075016863e-02 3.53290543228627005e-02
0.00000000000000000e+00 0.00000000000000000e+00
-5.99108761742652915e-02 -2.87780353384484378e-01
1.66410262398287073e-01 -1.56981222473402959e-01
0.00000000000000000e+00 0.00000000000000000e+00
0.00000000000000000e+00 0.00000000000000000e+00
0.00000000000000000e+00 0.00000000000000000e+00
-2.71815670847028790e-01 1.82575774526031159e-01
0.00000000000000000e+00 0.00000000000000000e+00
-5.04064595309109270e-02 1.15390149453343721e-01
0.00000000000000000e+00 0.00000000000000000e+00
0.00000000000000000e+00 0.00000000000000000e+00
-1.25993670392648138e-01 -8.79278599312043607e-02
0.00000000000000000e+00 0.00000000000000000e+00
4.85466677065551841e-02 -1.17187361278360908e-01
4.06063483267169387e-02 2.05956423649674453e-01
0.00000000000000000e+00 0.00000000000000000e+00
1.03728779614693650e-01 1.34186894086088387e-01
0.00000000000000000e+00 0.00000000000000000e+00
0.00000000000000000e+00 0.00000000000000000e+00
-9.30594432414317552e-02 0.00000000000000000e+00
-5.40991880269660122e-02 -9.48541277710201192e-02
0.00000000000000000e+00 0.00000000000000000e+00
0.00000000000000000e+00 0.00000000000000000e+00
-3.24327492218817348e-01 7.10402022835435881e-03
0.00000000000000000e+00 0.00000000000000000e+00
-3.31870782431281486e-01 7.60396386386660572e-02
-1.43924524573309787e-01 -2.45633570034100995e-01
0.00000000000000000e+00 0.00000000000000000e+00
-1.67941159714959709e-01 -8.01557075149074427e-02
0.00000000000000000e+00 0.00000000000000000e+00
0.00000000000000000e+00 0.00000000000000000e+00
1.20566589858706594e-01 8.62915032932348725e-02
0.00000000000000000e+00 0.00000000000000000e+00
-1.36330454035209520e-01 7.59632799518788898e-02
-8.60317400077763167e-02 9.20597967673451312e-02
0.00000000000000000e+00 0.00000000000000000e+00
0.00000000000000000e+00 0.00000000000000000e+00
-8.60799350321485440e-02 -1.97473547001007360e-01
-2.73974178885739716e-01 1.59000529758729442e-01
0.00000000000000000e+00 0.00000000000000000e+00
-8.86486532209833020e-03 -1.80364437783862436e-02
0.00000000000000000e+00 0.00000000000000000e+00
0.00000000000000000e+00 0.00000000000000000e+00
1.08388510556302137e-01 -1.45574521877104845e-01
1.92180451322637058e-01 4.29522300725422718e-02
0.00000000000000000e+00 0.00000000000000000e+00
0.00000000000000000e+00 0.00000000000000000e+00
2.89421251544152713e-01 8.22201119526902169e-02
0.00000000000000000e+00 0.00000000000000000e+00
-1.55849654651623627e-03 -2.35028998339958550e-01
1.38583510976158064e-01 -8.95513753255300637e-02
0.00000000000000000e+00 0.00000000000000000e+00
0.00000000000000000e+00 0.00000000000000000e+00
-2.30317570670068611e-01 -6.92772510641445349e-02
2.01068247600704936e-01 -1.11496081098786531e-02
0.00000000000000000e+00 0.00000000000000000e+00
6.38574808536593180e-02 1.27290392947851994e-01
0.00000000000000000e+00 0.00000000000000000e+00
0.00000000000000000e+00 0.00000000000000000e+00
4.55624094041841843e-02 2.68674863650848472e-01
0.00000000000000000e+00 0.00000000000000000e+00
-1.23915809914923597e-01 1.39167967379260432e-01
1.84664892544757542e-01 2.49651983933293520e-01
0.00000000000000000e+00 0.00000000000000000e+00
-1.50512776483571503e-01 -4.94958179067119947e-02
0.00000000000000000e+00 0.00000000000000000e+00
0.00000000000000000e+00 0.00000000000000000e+00
-2.57829702269092298e-02 -5.46785285563600801e-02
0.00000000000000000e+00 0.00000000000000000e+00
0.00000000000000000e+00 0.00000000000000000e+00
0.00000000000000000e+00 0.00000000000000000e+00
-2.71815670847028790e-01 1.82575774526031159e-01
0.00000000000000000e+00 0.00000000000000000e+00
-5.04064595309109270e-02 1.15390149453343721e-01
-1.62680352455033594e-01 9.79496038673750846e-03
0.00000000000000000e+00 0.00000000000000000e+00
0.00000000000000000e+00 0.00000000000000000e+00
1.32234884119904361e-01 1.99783720105637073e-02
-1.94491178697545342e-01 -1.53131276831101032e-01
0.00000000000000000e+00 0.00000000000000000e+00
1.93879924675039589e-03 1.86474092910385192e-01
0.00000000000000000e+00 0.00000000000000000e+00
0.00000000000000000e+00 0.00000000000000000e+00
-5.40991880269660122e-02 9.48541277710201192e-02
-2.94276357336746897e-01 0.00000000000000000e+00
0.00000000000000000e+00 0.00000000000000000e+00
0.00000000000000000e+00 0.00000000000000000e+00
5.79647036675891847e-02 7.21298951224088741e-02
0.00000000000000000e+00 0.00000000000000000e+00
1.55722447382291629e-01 1.40758284714422310e-01
-1.07258813825017285e-01 1.35348340330520289e-01
0.00000000000000000e+00 0.00000000000000000e+00
-1.39030525968016933e-01 1.34386741483950301e-01
0.00000000000000000e+00 0.00000000000000000e+00
0.00000000000000000e+00 0.00000000000000000e+00
3.24521951665183647e-03 1.07365128232472157e-01
0.00000000000000000e+00 0.00000000000000000e+00
9.09839143518161864e-02 7.55653548090485794e-02
8.47730668155291175e-03 -2.10444490492051953e-02
0.00000000000000000e+00 0.00000000000000000e+00
0.00000000000000000e+00 0.00000000000000000e+00
-3.81786683577764185e-02 -6.41411139457847834e-02
-4.24284017588366161e-02 -3.52680289135456349e-02
0.00000000000000000e+00 0.00000000000000000e+00
7.83359648966538424e-02 -2.01396805550485281e-01
0.00000000000000000e+00 0.00000000000000000e+00
0.00000000000000000e+00 0.00000000000000000e+00
-7.24941266007049778e-02 3.68639830478650274e-02
2.25481506746160770e-01 2.24328757862217454e-01
0.00000000000000000e+00 0.00000000000000000e+00
0.00000000000000000e+00 0.00000000000000000e+00
-7.28184888199352592e-02 4.31634494810912289e-02
0.00000000000000000e+00 0.00000000000000000e+00
-1.61198560091853627e-02 -4.30186330275407411e-02
3.83040892563538266e-02 9.35257697965386492e-02
0.00000000000000000e+00 0.00000000000000000e+00
0.00000000000000000e+00 0.00000000000000000e+00
-8.59522056077784424e-02 -2.32710797406035452e-01
-7.01801797158910362e-02 4.97011552143824115e-02
0.00000000000000000e+00 0.00000000000000000e+00
-6.80040027136790959e-02 -1.00858311467251466e-01
0.00000000000000000e+00 0.00000000000000000e+00
0.00000000000000000e+00 0.00000000000000000e+00
3.11625901500209523e-01 8.63112301426542800e-02
0.00000000000000000e+00 0.00000000000000000e+00
-2.97520529131298887e-02 1.01502318799112506e-01
-1.55208815641853848e-01 -1.78009154575335740e-02
0.00000000000000000e+00 0.00000000000000000e+00
6.05756882249669920e-02 5.20574669682931923e-02
0.00000000000000000e+00 0.00000000000000000e+00
0.00000000000000000e+00 0.00000000000000000e+00
0.00000000000000000e+00 0.00000000000000000e+00
2.57829702269092298e-02 5.46785285563600801e-02
0.00000000000000000e+00 0.00000000000000000e+00
0.00000000000000000e+00 0.00000000000000000e+00
-1.61122077292360194e-01 6.65257045501884275e-02
0.00000000000000000e+00 0.00000000000000000e+00
-1.97877336549239918e-02 5.14656096115444980e-02
5.34925314079479075e-03 1.02281164887247450e-01
0.00000000000000000e+00 0.00000000000000000e+00
1.46632415727755760e-01 -3.57679235484581193e-02
0.00000000000000000e+00 0.00000000000000000e+00
0.00000000000000000e+00 0.00000000000000000e+00
1.24243304952732031e-01 -1.62515846909211281e-01
0.00000000000000000e+00 0.00000000000000000e+00
-1.13202678343149898e-01 1.14248037081448761e-01
1.00367804475557515e-01 -4.51723268386097498e-02
0.00000000000000000e+00 0.00000000000000000e+00
0.00000000000000000e+00 0.00000000000000000e+00
-3.77184001453886447e-02 0.00000000000000000e+00
6.79163792924770693e-02 -2.00617201792918677e-02
0.00000000000000000e+00 0.00000000000000000e+00
1.44892341999793839e-01 -2.58485494615175431e-03
0.00000000000000000e+00 0.00000000000000000e+00
0.00000000000000000e+00 0.00000000000000000e+00
-1.77927644101319893e-01 5.64237394367658462e-02
0.00000000000000000e+00 0.00000000000000000e+00
-4.21497754507988015e-02 -8.72157565182582195e-02
-1.68000208616688851e-01 -1.10307893204186172e-01
0.00000000000000000e+00 0.00000000000000000e+00
-1.05297487289458341e-01 -3.80458303759771480e-02
0.00000000000000000e+00 0.00000000000000000e+00
0.00000000000000000e+00 0.00000000000000000e+00
8.47730668155291175e-03 -2.10444490492051953e-02
-1.23938794830663349e-01 4.53129637053348994e-03
0.00000000000000000e+00 0.00000000000000000e+00
0.00000000000000000e+00 0.00000000000000000e+00
-1.09285105164446006e-01 6.67711314550694518e-03
0.00000000000000000e+00 0.00000000000000000e+00
3.68138212314401579e-04 -1.71875717028752484e-01
5.79749191608534484e-02 -7.76562985611172762e-02
0.00000000000000000e+00 0.00000000000000000e+00
0.00000000000000000e+00 0.00000000000000000e+00
8.81904572472584219e-02 9.95511977071752846e-02
2.33786520943186304e-01 -8.95053071819707363e-02
0.00000000000000000e+00 0.00000000000000000e+00
2.41809291831810352e-01 -2.44558390498971989e-01
0.00000000000000000e+00 0.00000000000000000e+00
0.00000000000000000e+00 0.00000000000000000e+00
3.83040892563538266e-02 9.35257697965386492e-02
4.88745320028744698e-02 6.42176773335543516e-02
0.00000000000000000e+00 0.00000000000000000e+00
0.00000000000000000e+00 0.00000000000000000e+00
2.58956224771352342e-02 3.40898422290157044e-02
0.00000000000000000e+00 0.00000000000000000e+00
-1.26937565474730812e-01 -1.73808566170582518e-02
4.31117762271848587e-02 -1.06601970155445799e-01
0.00000000000000000e+00 0.00000000000000000e+00
-5.73186244747520141e-02 5.24576151221109940e-02
0.00000000000000000e+00 0.00000000000000000e+00
0.00000000000000000e+00 0.00000000000000000e+00
-1.55208815641853848e-01 -1.78009154575335740e-02
0.00000000000000000e+00 0.00000000000000000e+00
6.05756882249669920e-02 5.20574669682931923e-02
0.00000000000000000e+00 0.00000000000000000e+00
0.00000000000000000e+00 0.00000000000000000e+00
0.00000000000000000e+00 0.00000000000000000e+00
-1.66410262398287073e-01 1.56981222473402959e-01
-3.06898313542641119e-02 -9.83444245238825066e-03
0.00000000000000000e+00 0.00000000000000000e+00
3.00638198683769592e-02 -3.81450646668729521e-02
0.00000000000000000e+00 0.00000000000000000e+00
0.00000000000000000e+00 0.00000000000000000e+00
5.34925314079479075e-03 1.02281164887247450e-01
1.37076666888630433e-01 -6.53594114848050911e-02
0.00000000000000000e+00 0.00000000000000000e+00
0.00000000000000000e+00 0.00000000000000000e+00
-2.14211150953386442e-01 -1.39523544685824813e-01
0.00000000000000000e+00 0.00000000000000000e+00
1.58686291822641629e-01 -1.32148465869382753e-01
-2.09186014628917061e-01 6.51220356005820233e-02
0.00000000000000000e+00 0.00000000000000000e+00
0.00000000000000000e+00 0.00000000000000000e+00
6.79163792924770693e-02 2.00617201792918677e-02
-1.07605974432675555e-01 0.00000000000000000e+00
0.00000000000000000e+00 0.00000000000000000e+00
-9.18520101012762213e-02 -2.22133354452874465e-02
0.00000000000000000e+00 0.00000000000000000e+00
0.00000000000000000e+00 0.00000000000000000e+00
2.10662569717611770e-02 -8.77097440936349115e-02
0.00000000000000000e+00 0.00000000000000000e+00
-6.03531499427240881e-02 1.73814362453448612e-01
-1.31816348057006594e-01 -8.54422817649518052e-03
0.00000000000000000e+00 0.00000000000000000e+00
2.92693572807191278e-02 -5.41620957451580121e-03
0.00000000000000000e+00 0.00000000000000000e+00
0.00000000000000000e+00 0.00000000000000000e+00
-9.09839143518161864e-02 -7.55653548090485794e-02
-1.32570721020558117e-02 -8.08493108364426311e-02
0.00000000000000000e+00 0.00000000000000000e+00
0.00000000000000000e+00 0.00000000000000000e+00
1.60693218475837368e-01 2.42082950557978918e-02
0.00000000000000000e+00 0.00000000000000000e+00
5.34732970944262614e-02 -3.17062795634319439e-01
-1.01257571325144069e-01 -9.69849042810600886e-02
0.00000000000000000e+00 0.00000000000000000e+00
0.00000000000000000e+00 0.00000000000000000e+00
2.98043641285614613e-01 1.45882915800204221e-02
2.42760276730765640e-01 3.63963592791138046e-02
0.00000000000000000e+00 0.00000000000000000e+00
1.34792611822146635e-01 7.91141501090901478e-02
0.00000000000000000e+00 0.00000000000000000e+00
0.00000000000000000e+00 0.00000000000000000e+00
1.61198560091853627e-02 4.30186330275407411e-02
-1.40885529615393853e-02 2.78262739815639260e-01
0.00000000000000000e+00 0.00000000000000000e+00
0.00000000000000000e+00 0.00000000000000000e+00
1.70657991416668237e-01 1.02335853261700513e-01
0.00000000000000000e+00 0.00000000000000000e+00
-1.33757886615045729e-01 -8.64275938431413038e-02
-3.00606075165511175e-02 -2.99438231084016432e-02
0.00000000000000000e+00 0.00000000000000000e+00
1.31110989637481801e-01 1.34214967732476376e-01
0.00000000000000000e+00 0.00000000000000000e+00
0.00000000000000000e+00 0.00000000000000000e+00
2.97520529131298887e-02 -1.01502318799112506e-01
0.00000000000000000e+00 0.00000000000000000e+00
0.00000000000000000e+00 0.00000000000000000e+00
6.05756882249669920e-02 5.20574669682931923e-02
0.00000000000000000e+00 0.00000000000000000e+00
0.00000000000000000e+00 0.00000000000000000e+00
-5.99108761742652915e-02 -2.87780353384484378e-01
2.03853875666818868e-02 1.63521434764471729e-01
0.00000000000000000e+00 0.00000000000000000e+00
1.42464386348474442e-01 -1.36339207860544306e-03
0.00000000000000000e+00 0.00000000000000000e+00
0.00000000000000000e+00 0.00000000000000000e+00
1.97877336549239918e-02 -5.14656096115444980e-02
0.00000000000000000e+00 0.00000000000000000e+00
-6.21451742844890409e-03 2.32346081220624091e-03
3.57037347135122363e-02 2.25085317748405872e-01
0.00000000000000000e+00 0.00000000000000000e+00
3.99099645487214993e-01 1.08196814409324313e-01
0.00000000000000000e+00 0.00000000000000000e+00
0.00000000000000000e+00 0.00000000000000000e+00
-3.24327492218817348e-01 -7.10402022835435881e-03
5.79647036675891847e-02 -7.21298951224088741e-02
0.00000000000000000e+00 0.00000000000000000e+00
0.00000000000000000e+00 0.00000000000000000e+00
8.12814587909296560e-02 0.00000000000000000e+00
0.00000000000000000e+00 0.00000000000000000e+00
6.62102497442375454e-02 4.42273870225678989e-03
-1.12320360712718281e-01 -2.83596254475184766e-02
0.00000000000000000e+00 0.00000000000000000e+00
-2.81434593832409520e-02 -8.51367609493467181e-02
0.00000000000000000e+00 0.00000000000000000e+00
0.00000000000000000e+00 0.00000000000000000e+00
-3.49355975397884211e-02 -2.30146726178703742e-01
0.00000000000000000e+00 0.00000000000000000e+00
2.92693572807191278e-02 -5.41620957451580121e-03
1.05297487289458341e-01 3.80458303759771480e-02
0.00000000000000000e+00 0.00000000000000000e+00
0.00000000000000000e+00 0.00000000000000000e+00
9.13382863625574436e-03 -1.82347501298333103e-01
1.65235511075822766e-01 -9.20002115430219869e-02
0.00000000000000000e+00 0.00000000000000000e+00
6.19820462804870562e-02 2.15754111636665621e-02
0.00000000000000000e+00 0.00000000000000000e+00
0.00000000000000000e+00 0.00000000000000000e+00
-1.79225398009483505e-01 -6.74638157593273058e-02
2.31445618612767967e-01 -3.61922649805522412e-01
0.00000000000000000e+00 0.00000000000000000e+00
0.00000000000000000e+00 0.00000000000000000e+00
1.05469227231863347e-01 -8.83812008759283646e-02
0.00000000000000000e+00 0.00000000000000000e+00
1.34792611822146635e-01 7.91141501090901478e-02
-2.41809291831810352e-01 2.44558390498971989e-01
0.00000000000000000e+00 0.00000000000000000e+00
0.00000000000000000e+00 0.00000000000000000e+00
-7.26726116109888270e-02 1.90472134776165924e-01
-7.48743756528069959e-02 -1.47095306245808743e-01
0.00000000000000000e+00 0.00000000000000000e+00
2.16533921929321749e-01 1.04276471506837817e-01
0.00000000000000000e+00 0.00000000000000000e+00
0.00000000000000000e+00 0.00000000000000000e+00
-8.89941702776028409e-02 5.35336317417915708e-02
0.00000000000000000e+00 0.00000000000000000e+00
1.31110989637481801e-01 1.34214967732476376e-01
5.73186244747520141e-02 -5.24576151221109940e-02
0.00000000000000000e+00 0.00000000000000000e+00
0.00000000000000000e+00 0.00000000000000000e+00
0.00000000000000000e+00 0.00000000000000000e+00
0.00000000000000000e+00 0.00000000000000000e+00
6.05756882249669920e-02 5.20574669682931923e-02
-1.50512776483571503e-01 -4.94958179067119947e-02
0.00000000000000000e+00 0.00000000000000000e+00
0.00000000000000000e+00 0.00000000000000000e+00
-1.71807845058514430e-01 2.65824128681514615e-01
0.00000000000000000e+00 0.00000000000000000e+00
1.42464386348474442e-01 -1.36339207860544306e-03
-3.00638198683769592e-02 3.81450646668729521e-02
0.00000000000000000e+00 0.00000000000000000e+00
-4.33920297477190173e-02 -3.92026383027349323e-01
0.00000000000000000e+00 0.00000000000000000e+00
0.00000000000000000e+00 0.00000000000000000e+00
-3.21969863312325452e-02 9.16409618012768851e-02
0.00000000000000000e+00 0.00000000000000000e+00
2.25900791406791868e-01 -1.26088397358839921e-01
-1.31362987810040993e-02 -8.54242087167763064e-02
0.00000000000000000e+00 0.00000000000000000e+00
0.00000000000000000e+00 0.00000000000000000e+00
1.44892341999793839e-01 2.58485494615175431e-03
-9.18520101012762213e-02 2.22133354452874465e-02
0.00000000000000000e+00 0.00000000000000000e+00
-6.85219869323068637e-02 0.00000000000000000e+00
0.00000000000000000e+00 0.00000000000000000e+00
0.00000000000000000e+00 0.00000000000000000e+00
-3.96055415444023992e-03 -1.74562215595894764e-02
0.00000000000000000e+00 0.00000000000000000e+00
7.69383660131571501e-02 2.59917216587457922e-01
-2.61253779903721402e-02 -1.86484566087566361e-01
0.00000000000000000e+00 0.00000000000000000e+00
-1.22247862439614358e-01 2.31477016393189683e-01
0.00000000000000000e+00 0.00000000000000000e+00
0.00000000000000000e+00 0.00000000000000000e+00
3.24521951665183647e-03 1.07365128232472157e-01
8.75514786422857683e-02 1.16178470861879046e-01
0.00000000000000000e+00 0.00000000000000000e+00
0.00000000000000000e+00 0.00000000000000000e+00
-4.99185847068782176e-02 -5.82010063199170091e-02
0.00000000000000000e+00 0.00000000000000000e+00
3.68301613400163486e-02 1.98143958635441320e-01
7.38466653167906828e-02 6.32165386963901427e-02
0.00000000000000000e+00 0.00000000000000000e+00
0.00000000000000000e+00 0.00000000000000000e+00
-1.19438655856880377e-02 1.67390451727493783e-02
-3.43700704785994404e-03 1.36941463190274254e-01
0.00000000000000000e+00 0.00000000000000000e+00
-9.09801441139686390e-02 1.78283440236629842e-01
0.00000000000000000e+00 0.00000000000000000e+00
0.00000000000000000e+00 0.00000000000000000e+00
-7.28184888199352592e-02 4.31634494810912289e-02
1.62967083247192057e-01 1.66682862833247653e-01
0.00000000000000000e+00 0.00000000000000000e+00
0.00000000000000000e+00 0.00000000000000000e+00
3.56443934449233099e-02 -7.65827551058084199e-02
0.00000000000000000e+00 0.00000000000000000e+00
1.11277816986177933e-01 6.53165920679397438e-02
7.77978509783265465e-02 -1.70975882636267007e-01
0.00000000000000000e+00 0.00000000000000000e+00
4.97715082938460576e-02 -1.81723864434386151e-01
0.00000000000000000e+00 0.00000000000000000e+00
0.00000000000000000e+00 0.00000000000000000e+00
0.00000000000000000e+00 0.00000000000000000e+00
0.00000000000000000e+00 0.00000000000000000e+00
2.97520529131298887e-02 -1.01502318799112506e-01
1.55208815641853848e-01 1.78009154575335740e-02
0.00000000000000000e+00 0.00000000000000000e+00
0.00000000000000000e+00 0.00000000000000000e+00
8.22511654075016863e-02 -3.53290543228627005e-02
7.81889574819587818e-02 -1.32393130991964925e-01
0.00000000000000000e+00 0.00000000000000000e+00
1.74763972829073910e-01 -2.42736410759173682e-01
0.00000000000000000e+00 0.00000000000000000e+00
0.00000000000000000e+00 0.00000000000000000e+00
-1.61122077292360194e-01 6.65257045501884275e-02
0.00000000000000000e+00 0.00000000000000000e+00
-4.07785333914096465e-03 -2.10979485193687533e-01
1.64396727501746026e-01 -1.41610344032098101e-01
0.00000000000000000e+00 0.00000000000000000e+00
-1.45089554077546062e-01 -1.27126065876435324e-01
0.00000000000000000e+00 0.00000000000000000e+00
0.00000000000000000e+00 0.00000000000000000e+00
-3.31870782431281486e-01 -7.60396386386660572e-02
1.55722447382291629e-01 -1.40758284714422310e-01
0.00000000000000000e+00 0.00000000000000000e+00
0.00000000000000000e+00 0.00000000000000000e+00
6.62102497442375454e-02 -4.42273870225678989e-03
0.00000000000000000e+00 0.00000000000000000e+00
1.22175853816450519e-01 0.00000000000000000e+00
1.32979332853065291e-01 7.31746995077957180e-02
0.00000000000000000e+00 0.00000000000000000e+00
7.75904437013626852e-02 6.52635394975838723e-02
0.00000000000000000e+00 0.00000000000000000e+00
0.00000000000000000e+00 0.00000000000000000e+00
-2.61253779903721402e-02 -1.86484566087566361e-01
0.00000000000000000e+00 0.00000000000000000e+00
-2.53671119223962092e-02 9.87451839098114903e-03
-1.68000208616688851e-01 -1.10307893204186172e-01
0.00000000000000000e+00 0.00000000000000000e+00
0.00000000000000000e+00 0.00000000000000000e+00
1.16276950080013378e-02 -5.19894025008655614e-02
-1.04269198181807216e-01 -1.42655195474803709e-01
0.00000000000000000e+00 0.00000000000000000e+00
-6.59090397713299053e-02 1.19222766967424482e-01
0.00000000000000000e+00 0.00000000000000000e+00
0.00000000000000000e+00 0.00000000000000000e+00
1.40703368722400052e-01 2.12713966373375696e-02
-4.46746873295709862e-02 -5.78435871211308988e-02
0.00000000000000000e+00 0.00000000000000000e+00
0.00000000000000000e+00 0.00000000000000000e+00
-3.43700704785994404e-03 1.36941463190274254e-01
0.00000000000000000e+00 0.00000000000000000e+00
-2.28271193612870987e-01 5.35058800815876451e-02
2.33786520943186304e-01 -8.95053071819707363e-02
0.00000000000000000e+00 0.00000000000000000e+00
0.00000000000000000e+00 0.00000000000000000e+00
1.01721321016792696e-02 1.55182986944040202e-01
6.05771107578039897e-02 3.92604987315969545e-02
0.00000000000000000e+00 0.00000000000000000e+00
3.60368055458133163e-02 3.47350371783510387e-02
0.00000000000000000e+00 0.00000000000000000e+00
0.00000000000000000e+00 0.00000000000000000e+00
-1.82779512146997100e-02 -1.55364569650900286e-01
0.00000000000000000e+00 0.00000000000000000e+00
4.97715082938460576e-02 -1.81723864434386151e-01
0.00000000000000000e+00 0.00000000000000000e+00
0.00000000000000000e+00 0.00000000000000000e+00
5.73186244747520141e-02 -5.24576151221109940e-02
0.00000000000000000e+00 0.00000000000000000e+00
0.00000000000000000e+00 0.00000000000000000e+00
1.55208815641853848e-01 1.78009154575335740e-02
-1.84664892544757542e-01 -2.49651983933293520e-01
0.00000000000000000e+00 0.00000000000000000e+00
0.00000000000000000e+00 0.00000000000000000e+00
7.81889574819587818e-02 -1.32393130991964925e-01
0.00000000000000000e+00 0.00000000000000000e+00
-1.74292597961224066e-02 -1.40433716842130796e-01
-3.06898313542641119e-02 -9.83444245238825066e-03
0.00000000000000000e+00 0.00000000000000000e+00
0.00000000000000000e+00 0.00000000000000000e+00
-7.08292381428295426e-02 -4.10074773660600161e-02
8.37691941046437849e-02 -3.04462810881326151e-01
0.00000000000000000e+00 0.00000000000000000e+00
-1.51565125223556446e-01 -1.37310547895278020e-02
0.00000000000000000e+00 0.00000000000000000e+00
0.00000000000000000e+00 0.00000000000000000e+00
-1.43924524573309787e-01 2.45633570034100995e-01
-1.07258813825017285e-01 -1.35348340330520289e-01
0.00000000000000000e+00 0.00000000000000000e+00
0.00000000000000000e+00 0.00000000000000000e+00
-1.12320360712718281e-01 2.83596254475184766e-02
0.00000000000000000e+00 0.00000000000000000e+00
1.32979332853065291e-01 -7.31746995077957180e-02
6.31085496791348455e-02 0.00000000000000000e+00
0.00000000000000000e+00 0.00000000000000000e+00
-9.00448409733483821e-03 2.11084034561832057e-01
0.00000000000000000e+00 0.00000000000000000e+00
0.00000000000000000e+00 0.00000000000000000e+00
-7.69383660131571501e-02 -2.59917216587457922e-01
0.00000000000000000e+00 0.00000000000000000e+00
-6.03531499427240881e-02 1.73814362453448612e-01
-1.15033684528604019e-01 8.85460467327441880e-02
0.00000000000000000e+00 0.00000000000000000e+00
0.00000000000000000e+00 0.00000000000000000e+00
-2.25687963503644284e-01 1.07657378672427834e-01
-9.24775681675234044e-03 6.21165714159842217e-02
0.00000000000000000e+00 0.00000000000000000e+00
4.74877008293719122e-02 1.63116133013316622e-01
0.00000000000000000e+00 0.00000000000000000e+00
0.00000000000000000e+00 0.00000000000000000e+00
-1.59344711458077326e-01 -1.58211139745454421e-01
-1.25448781201018711e-01 -8.63303805771583055e-02
0.00000000000000000e+00 0.00000000000000000e+00
0.00000000000000000e+00 0.00000000000000000e+00
1.19438655856880377e-02 -1.67390451727493783e-02
0.00000000000000000e+00 0.00000000000000000e+00
2.98043641285614613e-01 1.45882915800204221e-02
-7.37013741293637281e-02 -9.64895834647379325e-03
0.00000000000000000e+00 0.00000000000000000e+00
0.00000000000000000e+00 0.00000000000000000e+00
1.28379254785360664e-01 -2.35174213999183201e-01
1.83230598967208669e-04 1.12291542424790974e-01
0.00000000000000000e+00 0.00000000000000000e+00
-5.42231585646883382e-02 -1.86750272469186906e-02
0.00000000000000000e+00 0.00000000000000000e+00
0.00000000000000000e+00 0.00000000000000000e+00
-1.95983602795067713e-01 6.50583520763951817e-02
0.00000000000000000e+00 0.00000000000000000e+00
0.00000000000000000e+00 0.00000000000000000e+00
4.97715082938460576e-02 -1.81723864434386151e-01
0.00000000000000000e+00 0.00000000000000000e+00
-1.31110989637481801e-01 -1.34214967732476376e-01
0.00000000000000000e+00 0.00000000000000000e+00
0.00000000000000000e+00 0.00000000000000000e+00
-2.97520529131298887e-02 1.01502318799112506e-01
-1.23915809914923597e-01 1.39167967379260432e-01
0.00000000000000000e+00 0.00000000000000000e+00
0.00000000000000000e+00 0.00000000000000000e+00
-8.22511654075016863e-02 3.53290543228627005e-02
0.00000000000000000e+00 0.00000000000000000e+00
-5.99108761742652915e-02 -2.87780353384484378e-01
1.69366390168846553e-01 -1.33893504551062054e-01
0.00000000000000000e+00 0.00000000000000000e+00
5.10423632420342541e-02 -7.19100305171915671e-02
0.00000000000000000e+00 0.00000000000000000e+00
0.00000000000000000e+00 0.00000000000000000e+00
1.23083370513221851e-01 -1.23415913047664472e-01
0.00000000000000000e+00 0.00000000000000000e+00
-8.27394090647710911e-03 -8.14139270865391340e-02
-3.72465963637219136e-02 -6.21913283235124431e-02
0.00000000000000000e+00 0.00000000000000000e+00
0.00000000000000000e+00 0.00000000000000000e+00
-1.77927644101319893e-01 -5.64237394367658462e-02
2.10662569717611770e-02 8.77097440936349115e-02
0.00000000000000000e+00 0.00000000000000000e+00
-3.96055415444023992e-03 1.74562215595894764e-02
0.00000000000000000e+00 0.00000000000000000e+00
0.00000000000000000e+00 0.00000000000000000e+00
1.86135866460139188e-01 0.00000000000000000e+00
0.00000000000000000e+00 0.00000000000000000e+00
-9.00448409733483821e-03 2.11084034561832057e-01
-7.75904437013626852e-02 -6.52635394975838723e-02
0.00000000000000000e+00 0.00000000000000000e+00
-2.81434593832409520e-02 -8.51367609493467181e-02
0.00000000000000000e+00 0.00000000000000000e+00
0.00000000000000000e+00 0.00000000000000000e+00
-1.81529340113858566e-02 -1.33056451269464360e-01
1.67941159714959709e-01 8.01557075149074427e-02
0.00000000000000000e+00 0.00000000000000000e+00
0.00000000000000000e+00 0.00000000000000000e+00
-8.51715404510367813e-02 -1.06051301946760393e-01
0.00000000000000000e+00 0.00000000000000000e+00
2.50968000910603631e-02 2.64614323475207136e-01
2.46123235261705049e-02 -3.17538517949359986e-02
0.00000000000000000e+00 0.00000000000000000e+00
0.00000000000000000e+00 0.00000000000000000e+00
-1.25448781201018711e-01 -8.63303805771583055e-02
4.46746873295709862e-02 5.78435871211308988e-02
0.00000000000000000e+00 0.00000000000000000e+00
2.31445618612767967e-01 -3.61922649805522412e-01
0.00000000000000000e+00 0.00000000000000000e+00
0.00000000000000000e+00 0.00000000000000000e+00
-2.10992423628266063e-01 -1.34426518501515962e-01
-1.92180451322637058e-01 -4.29522300725422718e-02
0.00000000000000000e+00 0.00000000000000000e+00
0.00000000000000000e+00 0.00000000000000000e+00
-1.52611720546545593e-01 1.00791666535583579e-01
0.00000000000000000e+00 0.00000000000000000e+00
4.36090008476108619e-03 6.91155777925547277e-02
-1.00369618958807954e-02 4.81425917339033602e-02
0.00000000000000000e+00 0.00000000000000000e+00
0.00000000000000000e+00 0.00000000000000000e+00
0.00000000000000000e+00 0.00000000000000000e+00
0.00000000000000000e+00 0.00000000000000000e+00
4.97715082938460576e-02 -1.81723864434386151e-01
0.00000000000000000e+00 0.00000000000000000e+00
-1.31110989637481801e-01 -1.34214967732476376e-01
-5.73186244747520141e-02 5.24576151221109940e-02
0.00000000000000000e+00 0.00000000000000000e+00
0.00000000000000000e+00 0.00000000000000000e+00
-1.23915809914923597e-01 1.39167967379260432e-01
1.84664892544757542e-01 2.49651983933293520e-01
0.00000000000000000e+00 0.00000000000000000e+00
-1.50512776483571503e-01 -4.94958179067119947e-02
0.00000000000000000e+00 0.00000000000000000e+00
0.00000000000000000e+00 0.00000000000000000e+00
-2.28268424563497496e-02 -3.15908106340191466e-02
0.00000000000000000e+00 0.00000000000000000e+00
6.25193783490575472e-02 -5.57746486018756357e-02
1.24490726046204980e-01 2.59728292590643395e-01
0.00000000000000000e+00 0.00000000000000000e+00
-5.21564292346160044e-02 1.35938269515404553e-01
0.00000000000000000e+00 0.00000000000000000e+00
0.00000000000000000e+00 0.00000000000000000e+00
-1.67941159714959709e-01 8.01557075149074427e-02
-1.39030525968016933e-01 -1.34386741483950301e-01
0.00000000000000000e+00 0.00000000000000000e+00
0.00000000000000000e+00 0.00000000000000000e+00
-2.81434593832409520e-02 8.51367609493467181e-02
0.00000000000000000e+00 0.00000000000000000e+00
7.75904437013626852e-02 -6.52635394975838723e-02
-9.00448409733483821e-03 -2.11084034561832057e-01
0.00000000000000000e+00 0.00000000000000000e+00
1.94906441322082624e-01 0.00000000000000000e+00
0.00000000000000000e+00 0.00000000000000000e+00
0.00000000000000000e+00 0.00000000000000000e+00
8.64920355013303888e-02 -1.92278599175721120e-02
0.00000000000000000e+00 0.00000000000000000e+00
2.10805624465060404e-01 2.17146778175664017e-02
2.45780452416001216e-01 1.42591254351993851e-01
0.00000000000000000e+00 0.00000000000000000e+00
0.00000000000000000e+00 0.00000000000000000e+00
-3.02768796886145330e-02 6.70596983553533865e-02
1.18320619888464429e-01 -5.84553124551292838e-02
0.00000000000000000e+00 0.00000000000000000e+00
-4.06954831396087666e-02 6.35864220295581928e-02
0.00000000000000000e+00 0.00000000000000000e+00
0.00000000000000000e+00 0.00000000000000000e+00
5.10423632420342541e-02 7.19100305171915671e-02
2.11776930712042843e-01 9.94058774025990965e-02
0.00000000000000000e+00 0.00000000000000000e+00
0.00000000000000000e+00 0.00000000000000000e+00
-1.07206872423827426e-01 -1.98130395227944428e-01
0.00000000000000000e+00 0.00000000000000000e+00
-1.73560511609465951e-01 -1.30947936957994462e-02
7.23211407314641452e-02 -7.49630743310132908e-02
0.00000000000000000e+00 0.00000000000000000e+00
0.00000000000000000e+00 0.00000000000000000e+00
-9.15479664742043925e-02 -2.21773926070773120e-01
1.43627442841593907e-02 1.54033289696918707e-01
0.00000000000000000e+00 0.00000000000000000e+00
4.45442918259092227e-02 -8.32621050685045105e-02
0.00000000000000000e+00 0.00000000000000000e+00
0.00000000000000000e+00 0.00000000000000000e+00
0.00000000000000000e+00 0.00000000000000000e+00
0.00000000000000000e+00 0.00000000000000000e+00
1.95983602795067713e-01 -6.50583520763951817e-02
-1.82779512146997100e-02 -1.55364569650900286e-01
0.00000000000000000e+00 0.00000000000000000e+00
8.89941702776028409e-02 -5.35336317417915708e-02
0.00000000000000000e+00 0.00000000000000000e+00
0.00000000000000000e+00 0.00000000000000000e+00
3.11625901500209523e-01 8.63112301426542800e-02
4.55624094041841843e-02 2.68674863650848472e-01
0.00000000000000000e+00 0.00000000000000000e+00
0.00000000000000000e+00 0.00000000000000000e+00
-1.69336504835103541e-01 1.12743292818088439e-01
0.00000000000000000e+00 0.00000000000000000e+00
-1.84395617768952358e-03 -5.20406602915051558e-02
3.57279543507506639e-02 6.76782674272128071e-02
0.00000000000000000e+00 0.00000000000000000e+00
-5.12373543269037043e-03 1.35426853574000028e-01
0.00000000000000000e+00 0.00000000000000000e+00
0.00000000000000000e+00 0.00000000000000000e+00
1.02099825307893438e-01 1.58230102128752881e-01
0.00000000000000000e+00 0.00000000000000000e+00
2.37673543996684590e-02 -3.22296038473400409e-02
2.25687963503644284e-01 1.07657378672427834e-01
0.00000000000000000e+00 0.00000000000000000e+00
0.00000000000000000e+00 0.00000000000000000e+00
-4.21497754507988015e-02 8.72157565182582195e-02
-6.03531499427240881e-02 -1.73814362453448612e-01
0.00000000000000000e+00 0.00000000000000000e+00
7.69383660131571501e-02 -2.59917216587457922e-01
0.00000000000000000e+00 0.00000000000000000e+00
0.00000000000000000e+00 0.00000000000000000e+00
-9.00448409733483821e-03 -2.11084034561832057e-01
0.00000000000000000e+00 0.00000000000000000e+00
-4.81160682042980625e-02 0.00000000000000000e+00
-2.38230682778534264e-01 -5.63652174741082826e-02
0.00000000000000000e+00 0.00000000000000000e+00
-2.99365040115021699e-02 3.66161910187672301e-02
0.00000000000000000e+00 0.00000000000000000e+00
0.00000000000000000e+00 0.00000000000000000e+00
1.75111622139698608e-01 6.36666534582394084e-02
1.63305169629194696e-01 1.83545682699485596e-01
0.00000000000000000e+00 0.00000000000000000e+00
0.00000000000000000e+00 0.00000000000000000e+00
-2.49705644286149081e-02 -1.26138184752140586e-01
0.00000000000000000e+00 0.00000000000000000e+00
-1.38130673103071394e-03 -1.17460475804103515e-01
-7.08292381428295426e-02 4.10074773660600161e-02
0.00000000000000000e+00 0.00000000000000000e+00
0.00000000000000000e+00 0.00000000000000000e+00
1.71814634109023145e-01 6.31522478858738412e-02
2.88739541579084782e-02 1.99039194993290758e-01
0.00000000000000000e+00 0.00000000000000000e+00
3.32784569117799300e-01 1.48534785555776844e-01
0.00000000000000000e+00 0.00000000000000000e+00
0.00000000000000000e+00 0.00000000000000000e+00
7.23211407314641452e-02 -7.49630743310132908e-02
-4.74985286961833036e-02 -3.11768948719253827e-02
0.00000000000000000e+00 0.00000000000000000e+00
0.00000000000000000e+00 0.00000000000000000e+00
1.43627442841593907e-02 1.54033289696918707e-01
0.00000000000000000e+00 0.00000000000000000e+00
4.45442918259092227e-02 -8.32621050685045105e-02
0.00000000000000000e+00 0.00000000000000000e+00
0.00000000000000000e+00 0.00000000000000000e+00
1.00369618958807954e-02 -4.81425917339033602e-02
0.00000000000000000e+00 0.00000000000000000e+00
0.00000000000000000e+00 0.00000000000000000e+00
7.77978509783265465e-02 -1.70975882636267007e-01
0.00000000000000000e+00 0.00000000000000000e+00
3.00606075165511175e-02 2.99438231084016432e-02
4.31117762271848587e-02 -1.06601970155445799e-01
0.00000000000000000e+00 0.00000000000000000e+00
0.00000000000000000e+00 0.00000000000000000e+00
-2.04694477417766502e-01 1.00778528513449525e-01
1.45137365264140089e-02 -1.24778673911036600e-01
0.00000000000000000e+00 0.00000000000000000e+00
2.59706827388587330e-02 2.54642089339244815e-01
0.00000000000000000e+00 0.00000000000000000e+00
0.00000000000000000e+00 0.00000000000000000e+00
3.57279543507506639e-02 6.76782674272128071e-02
-1.57720460070414820e-01 -1.54321904399447124e-01
0.00000000000000000e+00 0.00000000000000000e+00
0.00000000000000000e+00 0.00000000000000000e+00
-1.03816094594216937e-01 -3.16942665706128543e-02
0.00000000000000000e+00 0.00000000000000000e+00
1.04269198181807216e-01 -1.42655195474803709e-01
4.46428062244221338e-02 8.18763700695097352e-02
0.00000000000000000e+00 0.00000000000000000e+00
0.00000000000000000e+00 0.00000000000000000e+00
-1.68000208616688851e-01 1.10307893204186172e-01
-1.31816348057006594e-01 8.54422817649518052e-03
0.00000000000000000e+00 0.00000000000000000e+00
-2.61253779903721402e-02 1.86484566087566361e-01
0.00000000000000000e+00 0.00000000000000000e+00
0.00000000000000000e+00 0.00000000000000000e+00
-7.75904437013626852e-02 6.52635394975838723e-02
0.00000000000000000e+00 0.00000000000000000e+00
-2.38230682778534264e-01 5.63652174741082826e-02
1.34063617565611970e-01 0.00000000000000000e+00
0.00000000000000000e+00 0.00000000000000000e+00
1.01597885001371735e-01 -4.24736530882080521e-03
0.00000000000000000e+00 0.00000000000000000e+00
0.00000000000000000e+00 0.00000000000000000e+00
-3.40169201110075703e-02 3.13338628032209868e-02
-2.20461359319707229e-01 1.48934054914747985e-02
0.00000000000000000e+00 0.00000000000000000e+00
0.00000000000000000e+00 0.00000000000000000e+00
2.12613030129882530e-01 -2.56377092555301167e-01
0.00000000000000000e+00 0.00000000000000000e+00
1.64396727501746026e-01 1.41610344032098101e-01
8.64657407127540356e-02 -2.39771501164648890e-02
0.00000000000000000e+00 0.00000000000000000e+00
0.00000000000000000e+00 0.00000000000000000e+00
-1.25886786783806492e-01 -2.21392122696995652e-01
5.92081706578120454e-02 1.20367987115238995e-01
0.00000000000000000e+00 0.00000000000000000e+00
-5.33400413546510632e-02 -8.86027579188608805e-02
0.00000000000000000e+00 0.00000000000000000e+00
0.00000000000000000e+00 0.00000000000000000e+00
1.73560511609465951e-01 1.30947936957994462e-02
1.21110253261890122e-01 -5.76700137778707947e-02
0.00000000000000000e+00 0.00000000000000000e+00
0.00000000000000000e+00 0.00000000000000000e+00
9.15479664742043925e-02 2.21773926070773120e-01
0.00000000000000000e+00 0.00000000000000000e+00
0.00000000000000000e+00 0.00000000000000000e+00
4.45442918259092227e-02 -8.32621050685045105e-02
0.00000000000000000e+00 0.00000000000000000e+00
4.36090008476108619e-03 6.91155777925547277e-02
0.00000000000000000e+00 0.00000000000000000e+00
0.00000000000000000e+00 0.00000000000000000e+00
-1.11277816986177933e-01 -6.53165920679397438e-02
0.00000000000000000e+00 0.00000000000000000e+00
-1.33757886615045729e-01 -8.64275938431413038e-02
1.26937565474730812e-01 1.73808566170582518e-02
0.00000000000000000e+00 0.00000000000000000e+00
0.00000000000000000e+00 0.00000000000000000e+00
-1.40076424728594273e-01 -1.00815041645910361e-01
2.65230891759729970e-01 2.40364483384577610e-01
0.00000000000000000e+00 0.00000000000000000e+00
1.31478124059107887e-01 -1.69473522860932840e-01
0.00000000000000000e+00 0.00000000000000000e+00
0.00000000000000000e+00 0.00000000000000000e+00
1.84395617768952358e-03 5.20406602915051558e-02
0.00000000000000000e+00 0.00000000000000000e+00
-9.08637566648054229e-02 -1.12376762340394579e-01
-1.17390814685370617e-01 -1.75359672463986926e-01
0.00000000000000000e+00 0.00000000000000000e+00
4.99185847068782176e-02 -5.82010063199170091e-02
0.00000000000000000e+00 0.00000000000000000e+00
0.00000000000000000e+00 0.00000000000000000e+00
1.20566589858706594e-01 -8.62915032932348725e-02
3.24521951665183647e-03 -1.07365128232472157e-01
0.00000000000000000e+00 0.00000000000000000e+00
0.00000000000000000e+00 0.00000000000000000e+00
-3.49355975397884211e-02 2.30146726178703742e-01
0.00000000000000000e+00 0.00000000000000000e+00
-2.61253779903721402e-02 1.86484566087566361e-01
-7.69383660131571501e-02 2.59917216587457922e-01
0.00000000000000000e+00 0.00000000000000000e+00
8.64920355013303888e-02 1.92278599175721120e-02
0.00000000000000000e+00 0.00000000000000000e+00
0.00000000000000000e+00 0.00000000000000000e+00
-1.76629415928521771e-01 0.00000000000000000e+00
0.00000000000000000e+00 0.00000000000000000e+00
2.59660144846885488e-01 2.23887088387234312e-02
6.25084852985777345e-02 -6.75606714124374619e-02
0.00000000000000000e+00 0.00000000000000000e+00
0.00000000000000000e+00 0.00000000000000000e+00
9.82731243305701718e-02 2.42779755695850599e-02
-2.45281436462676805e-01 -6.40005100242244801e-02
0.00000000000000000e+00 0.00000000000000000e+00
-3.21969863312325452e-02 -9.16409618012768851e-02
0.00000000000000000e+00 0.00000000000000000e+00
0.00000000000000000e+00 0.00000000000000000e+00
1.25779917121332102e-01 -2.05024047950126576e-01
-3.19677763592388989e-02 8.04898084836310479e-02
0.00000000000000000e+00 0.00000000000000000e+00
0.00000000000000000e+00 0.00000000000000000e+00
1.92458740547923890e-02 8.41143575985137670e-02
0.00000000000000000e+00 0.00000000000000000e+00
-5.33400413546510632e-02 -8.86027579188608805e-02
-3.32784569117799300e-01 -1.48534785555776844e-01
0.00000000000000000e+00 0.00000000000000000e+00
0.00000000000000000e+00 0.00000000000000000e+00
1.21110253261890122e-01 -5.76700137778707947e-02
4.74985286961833036e-02 3.11768948719253827e-02
0.00000000000000000e+00 0.00000000000000000e+00
0.00000000000000000e+00 0.00000000000000000e+00
0.00000000000000000e+00 0.00000000000000000e+00
0.00000000000000000e+00 0.00000000000000000e+00
4.45442918259092227e-02 -8.32621050685045105e-02
0.00000000000000000e+00 0.00000000000000000e+00
-5.42231585646883382e-02 -1.86750272469186906e-02
-3.60368055458133163e-02 -3.47350371783510387e-02
0.00000000000000000e+00 0.00000000000000000e+00
2.16533921929321749e-01 1.04276471506837817e-01
0.00000000000000000e+00 0.00000000000000000e+00
0.00000000000000000e+00 0.00000000000000000e+00
6.80040027136790959e-02 1.00858311467251466e-01
-6.38574808536593180e-02 -1.27290392947851994e-01
0.00000000000000000e+00 0.00000000000000000e+00
0.00000000000000000e+00 0.00000000000000000e+00
1.49740049377792388e-02 7.24681482471786903e-02
0.00000000000000000e+00 0.00000000000000000e+00
1.31478124059107887e-01 -1.69473522860932840e-01
-2.59706827388587330e-02 -2.54642089339244815e-01
0.00000000000000000e+00 0.00000000000000000e+00
-9.16569082555540177e-02 -8.24423674265995776e-02
0.00000000000000000e+00 0.00000000000000000e+00
0.00000000000000000e+00 0.00000000000000000e+00
-6.19820462804870562e-02 2.15754111636665621e-02
0.00000000000000000e+00 0.00000000000000000e+00
1.27328456252935707e-01 1.79528711939833607e-01
-1.58721354773521089e-01 -1.77461470413769362e-01
0.00000000000000000e+00 0.00000000000000000e+00
0.00000000000000000e+00 0.00000000000000000e+00
-1.05297487289458341e-01 3.80458303759771480e-02
2.92693572807191278e-02 5.41620957451580121e-03
0.00000000000000000e+00 0.00000000000000000e+00
-1.22247862439614358e-01 -2.31477016393189683e-01
0.00000000000000000e+00 0.00000000000000000e+00
0.00000000000000000e+00 0.00000000000000000e+00
-2.81434593832409520e-02 8.51367609493467181e-02
0.00000000000000000e+00 0.00000000000000000e+00
-2.99365040115021699e-02 -3.66161910187672301e-02
1.01597885001371735e-01 4.24736530882080521e-03
0.00000000000000000e+00 0.00000000000000000e+00
3.47197511151630889e-01 0.00000000000000000e+00
0.00000000000000000e+00 0.00000000000000000e+00
0.00000000000000000e+00 0.00000000000000000e+00
2.45667776793009607e-02 -1.08813976599570469e-01
1.13947162547393066e-01 -7.13234038643215801e-03
0.00000000000000000e+00 0.00000000000000000e+00
0.00000000000000000e+00 0.00000000000000000e+00
3.99099645487214993e-01 -1.08196814409324313e-01
0.00000000000000000e+00 0.00000000000000000e+00
3.18197413388242034e-02 9.58342910695400563e-02
-1.32809078223390442e-01 1.37545778729462165e-01
0.00000000000000000e+00 0.00000000000000000e+00
0.00000000000000000e+00 0.00000000000000000e+00
-8.33172406173341290e-02 -3.36008399449868461e-03
6.40828589622803452e-02 -2.34820059668890885e-01
0.00000000000000000e+00 0.00000000000000000e+00
2.46229241339838700e-02 -6.35733203149511233e-03
0.00000000000000000e+00 0.00000000000000000e+00
0.00000000000000000e+00 0.00000000000000000e+00
-1.07206872423827426e-01 -1.98130395227944428e-01
-1.84217512076318701e-01 1.97667130710728542e-02
0.00000000000000000e+00 0.00000000000000000e+00
0.00000000000000000e+00 0.00000000000000000e+00
0.00000000000000000e+00 0.00000000000000000e+00
0.00000000000000000e+00 0.00000000000000000e+00
9.15479664742043925e-02 2.21773926070773120e-01
-1.43627442841593907e-02 -1.54033289696918707e-01
0.00000000000000000e+00 0.00000000000000000e+00
1.52611720546545593e-01 -1.00791666535583579e-01
0.00000000000000000e+00 0.00000000000000000e+00
0.00000000000000000e+00 0.00000000000000000e+00
3.56443934449233099e-02 -7.65827551058084199e-02
0.00000000000000000e+00 0.00000000000000000e+00
-1.70657991416668237e-01 -1.02335853261700513e-01
2.58956224771352342e-02 3.40898422290157044e-02
0.00000000000000000e+00 0.00000000000000000e+00
0.00000000000000000e+00 0.00000000000000000e+00
-1.33617861316680298e-01 -1.58875609933474160e-01
4.00891190075908649e-02 -1.34082932883794997e-01
0.00000000000000000e+00 0.00000000000000000e+00
-8.70196002377118943e-02 7.10069979371052984e-02
0.00000000000000000e+00 0.00000000000000000e+00
0.00000000000000000e+00 0.00000000000000000e+00
-1.69336504835103541e-01 1.12743292818088439e-01
0.00000000000000000e+00 0.00000000000000000e+00
-1.36890815712145692e-02 -5.29212789048668086e-02
-5.34732970944262614e-02 -3.17062795634319439e-01
0.00000000000000000e+00 0.00000000000000000e+00
6.47224245045044735e-03 -1.42400888434348477e-03
0.00000000000000000e+00 0.00000000000000000e+00
0.00000000000000000e+00 0.00000000000000000e+00
-1.36330454035209520e-01 -7.59632799518788898e-02
9.09839143518161864e-02 -7.55653548090485794e-02
0.00000000000000000e+00 0.00000000000000000e+00
0.00000000000000000e+00 0.00000000000000000e+00
2.92693572807191278e-02 5.41620957451580121e-03
0.00000000000000000e+00 0.00000000000000000e+00
-2.53671119223962092e-02 -9.87451839098114903e-03
-6.03531499427240881e-02 -1.73814362453448612e-01
0.00000000000000000e+00 0.00000000000000000e+00
2.10805624465060404e-01 -2.17146778175664017e-02
0.00000000000000000e+00 0.00000000000000000e+00
0.00000000000000000e+00 0.00000000000000000e+00
2.59660144846885488e-01 -2.23887088387234312e-02
0.00000000000000000e+00 0.00000000000000000e+00
3.83148851826493608e-02 0.00000000000000000e+00
-1.73167729217946043e-01 3.68712022129793135e-02
0.00000000000000000e+00 0.00000000000000000e+00
0.00000000000000000e+00 0.00000000000000000e+00
-1.19431504250724213e-03 6.50937154425042241e-02
1.58686291822641629e-01 1.32148465869382753e-01
0.00000000000000000e+00 0.00000000000000000e+00
1.94830505897501532e-01 -7.74356573512093582e-02
0.00000000000000000e+00 0.00000000000000000e+00
0.00000000000000000e+00 0.00000000000000000e+00
1.04821060936888949e-02 2.05228651026473502e-01
-1.32250044201479622e-01 1.59669348623492913e-01
0.00000000000000000e+00 0.00000000000000000e+00
0.00000000000000000e+00 0.00000000000000000e+00
6.40828589622803452e-02 -2.34820059668890885e-01
0.00000000000000000e+00 0.00000000000000000e+00
-1.53393724690357863e-02 -4.26109615482203538e-02
2.88739541579084782e-02 1.99039194993290758e-01
0.00000000000000000e+00 0.00000000000000000e+00
0.00000000000000000e+00 0.00000000000000000e+00
-1.84217512076318701e-01 1.97667130710728542e-02
0.00000000000000000e+00 0.00000000000000000e+00
0.00000000000000000e+00 0.00000000000000000e+00
4.74985286961833036e-02 3.11768948719253827e-02
0.00000000000000000e+00 0.00000000000000000e+00
0.00000000000000000e+00 0.00000000000000000e+00
-1.43627442841593907e-02 -1.54033289696918707e-01
0.00000000000000000e+00 0.00000000000000000e+00
-1.83230598967208669e-04 -1.12291542424790974e-01
6.05771107578039897e-02 3.92604987315969545e-02
0.00000000000000000e+00 0.00000000000000000e+00
7.48743756528069959e-02 1.47095306245808743e-01
0.00000000000000000e+00 0.00000000000000000e+00
0.00000000000000000e+00 0.00000000000000000e+00
-7.01801797158910362e-02 4.97011552143824115e-02
2.01068247600704936e-01 -1.11496081098786531e-02
0.00000000000000000e+00 0.00000000000000000e+00
0.00000000000000000e+00 0.00000000000000000e+00
4.00891190075908649e-02 -1.34082932883794997e-01
0.00000000000000000e+00 0.00000000000000000e+00
-3.37276487059662622e-01 -9.68893372002936210e-02
1.45137365264140089e-02 -1.24778673911036600e-01
0.00000000000000000e+00 0.00000000000000000e+00
0.00000000000000000e+00 0.00000000000000000e+00
-5.79749191608534484e-02 -7.76562985611172762e-02
8.79366279662439077e-02 2.19695338428255935e-02
0.00000000000000000e+00 0.00000000000000000e+00
1.26302196512460746e-01 1.82270414182291673e-01
0.00000000000000000e+00 0.00000000000000000e+00
0.00000000000000000e+00 0.00000000000000000e+00
-8.60317400077763167e-02 -9.20597967673451312e-02
8.47730668155291175e-03 2.10444490492051953e-02
0.00000000000000000e+00 0.00000000000000000e+00
0.00000000000000000e+00 0.00000000000000000e+00
1.05297487289458341e-01 -3.80458303759771480e-02
0.00000000000000000e+00 0.00000000000000000e+00
-1.68000208616688851e-01 1.10307893204186172e-01
-1.15033684528604019e-01 -8.85460467327441880e-02
0.00000000000000000e+00 0.00000000000000000e+00
2.45780452416001216e-01 -1.42591254351993851e-01
0.00000000000000000e+00 0.00000000000000000e+00
0.00000000000000000e+00 0.00000000000000000e+00
6.25084852985777345e-02 6.75606714124374619e-02
0.00000000000000000e+00 0.00000000000000000e+00
-1.73167729217946043e-01 -3.68712022129793135e-02
2.31314841102530588e-01 0.00000000000000000e+00
0.00000000000000000e+00 0.00000000000000000e+00
0.00000000000000000e+00 0.00000000000000000e+00
1.00367804475557515e-01 4.51723268386097498e-02
-9.71776513282743559e-02 1.14219716923370962e-01
0.00000000000000000e+00 0.00000000000000000e+00
1.28338818411577599e-02 2.23662080056402507e-01
0.00000000000000000e+00 0.00000000000000000e+00
0.00000000000000000e+00 0.00000000000000000e+00
-2.14155891780092200e-01 9.34831031304077242e-02
-2.41445804701023829e-02 -5.75609219470009023e-03
0.00000000000000000e+00 0.00000000000000000e+00
0.00000000000000000e+00 0.00000000000000000e+00
8.33172406173341290e-02 3.36008399449868461e-03
0.00000000000000000e+00 0.00000000000000000e+00
-1.25886786783806492e-01 -2.21392122696995652e-01
-1.27945835920246886e-01 1.46047776811447858e-02
0.00000000000000000e+00 0.00000000000000000e+00
0.00000000000000000e+00 0.00000000000000000e+00
0.00000000000000000e+00 0.00000000000000000e+00
-1.84217512076318701e-01 1.97667130710728542e-02
0.00000000000000000e+00 0.00000000000000000e+00
-1.21110253261890122e-01 5.76700137778707947e-02
0.00000000000000000e+00 0.00000000000000000e+00
0.00000000000000000e+00 0.00000000000000000e+00
-9.15479664742043925e-02 -2.21773926070773120e-01
0.00000000000000000e+00 0.00000000000000000e+00
1.28379254785360664e-01 -2.35174213999183201e-01
-1.01721321016792696e-02 -1.55182986944040202e-01
0.00000000000000000e+00 0.00000000000000000e+00
-7.26726116109888270e-02 1.90472134776165924e-01
0.00000000000000000e+00 0.00000000000000000e+00
0.00000000000000000e+00 0.00000000000000000e+00
8.59522056077784424e-02 2.32710797406035452e-01
2.30317570670068611e-01 6.92772510641445349e-02
0.00000000000000000e+00 0.00000000000000000e+00
0.00000000000000000e+00 0.00000000000000000e+00
1.33617861316680298e-01 1.58875609933474160e-01
0.00000000000000000e+00 0.00000000000000000e+00
-1.40076424728594273e-01 -1.00815041645910361e-01
1.32648882117833850e-01 4.26966176708344566e-02
0.00000000000000000e+00 0.00000000000000000e+00
7.24941266007049778e-02 3.68639830478650274e-02
0.00000000000000000e+00 0.00000000000000000e+00
0.00000000000000000e+00 0.00000000000000000e+00
1.65904454650583344e-01 5.14906223645583555e-02
0.00000000000000000e+00 0.00000000000000000e+00
5.94454931068513701e-02 1.40325272123239086e-01
1.16042307667610506e-01 4.13568277743303694e-02
0.00000000000000000e+00 0.00000000000000000e+00
0.00000000000000000e+00 0.00000000000000000e+00
8.47730668155291175e-03 2.10444490492051953e-02
-9.09839143518161864e-02 7.55653548090485794e-02
0.00000000000000000e+00 0.00000000000000000e+00
3.24521951665183647e-03 -1.07365128232472157e-01
0.00000000000000000e+00 0.00000000000000000e+00
0.00000000000000000e+00 0.00000000000000000e+00
-1.81529340113858566e-02 1.33056451269464360e-01
0.00000000000000000e+00 0.00000000000000000e+00
1.75111622139698608e-01 -6.36666534582394084e-02
-3.40169201110075703e-02 -3.13338628032209868e-02
0.00000000000000000e+00 0.00000000000000000e+00
2.45667776793009607e-02 1.08813976599570469e-01
0.00000000000000000e+00 0.00000000000000000e+00
0.00000000000000000e+00 0.00000000000000000e+00
-1.45238308834204022e-01 0.00000000000000000e+00
-5.40991880269660122e-02 -9.48541277710201192e-02
0.00000000000000000e+00 0.00000000000000000e+00
0.00000000000000000e+00 0.00000000000000000e+00
-2.12319128918174671e-01 1.86445772752307393e-01
0.00000000000000000e+00 0.00000000000000000e+00
-3.05900601809119599e-01 2.14277509978292285e-01
-1.12854239064019424e-01 -4.21095153240517162e-02
0.00000000000000000e+00 0.00000000000000000e+00
0.00000000000000000e+00 0.00000000000000000e+00
-2.41445804701023829e-02 -5.75609219470009023e-03
1.32250044201479622e-01 -1.59669348623492913e-01
0.00000000000000000e+00 0.00000000000000000e+00
-3.19677763592388989e-02 8.04898084836310479e-02
0.00000000000000000e+00 0.00000000000000000e+00
0.00000000000000000e+00 0.00000000000000000e+00
-1.67908132523266584e-01 -2.16488518355804418e-02
0.00000000000000000e+00 0.00000000000000000e+00
0.00000000000000000e+00 0.00000000000000000e+00
0.00000000000000000e+00 0.00000000000000000e+00
-1.84217512076318701e-01 1.97667130710728542e-02
0.00000000000000000e+00 0.00000000000000000e+00
-1.21110253261890122e-01 5.76700137778707947e-02
-4.74985286961833036e-02 -3.11768948719253827e-02
0.00000000000000000e+00 0.00000000000000000e+00
-1.92180451322637058e-01 -4.29522300725422718e-02
0.00000000000000000e+00 0.00000000000000000e+00
0.00000000000000000e+00 0.00000000000000000e+00
-1.62967083247192057e-01 -1.66682862833247653e-01
0.00000000000000000e+00 0.00000000000000000e+00
-1.40885529615393853e-02 2.78262739815639260e-01
-4.88745320028744698e-02 -6.42176773335543516e-02
0.00000000000000000e+00 0.00000000000000000e+00
0.00000000000000000e+00 0.00000000000000000e+00
2.30317570670068611e-01 6.92772510641445349e-02
-2.01068247600704936e-01 1.11496081098786531e-02
0.00000000000000000e+00 0.00000000000000000e+00
-6.38574808536593180e-02 -1.27290392947851994e-01
0.00000000000000000e+00 0.00000000000000000e+00
0.00000000000000000e+00 0.00000000000000000e+00
-1.17608004704116850e-01 -1.25199717466564470e-01
-1.77265804328643854e-02 -3.65964974563684153e-01
0.00000000000000000e+00 0.00000000000000000e+00
0.00000000000000000e+00 0.00000000000000000e+00
-8.86486532209833020e-03 1.80364437783862436e-02
0.00000000000000000e+00 0.00000000000000000e+00
2.73974178885739716e-01 1.59000529758729442e-01
-8.60799350321485440e-02 1.97473547001007360e-01
0.00000000000000000e+00 0.00000000000000000e+00
0.00000000000000000e+00 0.00000000000000000e+00
-1.23938794830663349e-01 -4.53129637053348994e-03
-1.32570721020558117e-02 8.08493108364426311e-02
0.00000000000000000e+00 0.00000000000000000e+00
8.75514786422857683e-02 -1.16178470861879046e-01
0.00000000000000000e+00 0.00000000000000000e+00
0.00000000000000000e+00 0.00000000000000000e+00
1.67941159714959709e-01 -8.01557075149074427e-02
0.00000000000000000e+00 0.00000000000000000e+00
1.63305169629194696e-01 -1.83545682699485596e-01
-2.20461359319707229e-01 -1.48934054914747985e-02
0.00000000000000000e+00 0.00000000000000000e+00
1.13947162547393066e-01 7.13234038643215801e-03
0.00000000000000000e+00 0.00000000000000000e+00
0.00000000000000000e+00 0.00000000000000000e+00
-5.40991880269660122e-02 9.48541277710201192e-02
-2.33034920908266274e-01 0.00000000000000000e+00
0.00000000000000000e+00 0.00000000000000000e+00
0.00000000000000000e+00 0.00000000000000000e+00
-2.11972982678034910e-02 9.75028126089268060e-02
0.00000000000000000e+00 0.00000000000000000e+00
2.30345715820016117e-01 -9.65320017384731777e-02
1.93061406081261391e-02 8.18276325103988178e-02
0.00000000000000000e+00 0.00000000000000000e+00
0.00000000000000000e+00 0.00000000000000000e+00
1.53639384214679653e-01 5.85937174773445008e-02
9.78826182002598411e-02 6.91966038701230107e-02
0.00000000000000000e+00 0.00000000000000000e+00
-4.88331625428956792e-02 -8.40689590098296635e-02
0.00000000000000000e+00 0.00000000000000000e+00
0.00000000000000000e+00 0.00000000000000000e+00
0.00000000000000000e+00 0.00000000000000000e+00
1.67908132523266584e-01 2.16488518355804418e-02
0.00000000000000000e+00 0.00000000000000000e+00
0.00000000000000000e+00 0.00000000000000000e+00
-1.07206872423827426e-01 -1.98130395227944428e-01
0.00000000000000000e+00 0.00000000000000000e+00
-1.73560511609465951e-01 -1.30947936957994462e-02
7.23211407314641452e-02 -7.49630743310132908e-02
0.00000000000000000e+00 0.00000000000000000e+00
-2.10992423628266063e-01 -1.34426518501515962e-01
0.00000000000000000e+00 0.00000000000000000e+00
0.00000000000000000e+00 0.00000000000000000e+00
7.28184888199352592e-02 -4.31634494810912289e-02
0.00000000000000000e+00 0.00000000000000000e+00
1.61198560091853627e-02 4.30186330275407411e-02
-3.83040892563538266e-02 -9.35257697965386492e-02
0.00000000000000000e+00 0.00000000000000000e+00
0.00000000000000000e+00 0.00000000000000000e+00
1.23148839655500570e-02 5.93976544466212272e-02
1.95220675765146207e-01 8.57347347959655504e-03
0.00000000000000000e+00 0.00000000000000000e+00
2.40136689411756740e-02 1.66204399226276556e-02
0.00000000000000000e+00 0.00000000000000000e+00
0.00000000000000000e+00 0.00000000000000000e+00
-3.11625901500209523e-01 -8.63112301426542800e-02
0.00000000000000000e+00 0.00000000000000000e+00
2.72453086128375925e-02 -3.10622231559570083e-01
1.85206315660702336e-01 -6.91923931821522842e-02
0.00000000000000000e+00 0.00000000000000000e+00
-2.02744068428461141e-02 7.69017819142991665e-02
0.00000000000000000e+00 0.00000000000000000e+00
0.00000000000000000e+00 0.00000000000000000e+00
-8.60799350321485440e-02 1.97473547001007360e-01
-3.81786683577764185e-02 6.41411139457847834e-02
0.00000000000000000e+00 0.00000000000000000e+00
0.00000000000000000e+00 0.00000000000000000e+00
9.13382863625574436e-03 1.82347501298333103e-01
0.00000000000000000e+00 0.00000000000000000e+00
1.16276950080013378e-02 5.19894025008655614e-02
-2.25687963503644284e-01 -1.07657378672427834e-01
0.00000000000000000e+00 0.00000000000000000e+00
-3.02768796886145330e-02 -6.70596983553533865e-02
0.00000000000000000e+00 0.00000000000000000e+00
0.00000000000000000e+00 0.00000000000000000e+00
9.82731243305701718e-02 -2.42779755695850599e-02
0.00000000000000000e+00 0.00000000000000000e+00
-1.19431504250724213e-03 -6.50937154425042241e-02
1.00367804475557515e-01 -4.51723268386097498e-02
0.00000000000000000e+00 0.00000000000000000e+00
0.00000000000000000e+00 0.00000000000000000e+00
-2.02605098969902919e-01 0.00000000000000000e+00
2.53084537768184098e-03 -1.11888171207950901e-01
0.00000000000000000e+00 0.00000000000000000e+00
-4.77985566607870282e-02 3.11410909596748636e-02
0.00000000000000000e+00 0.00000000000000000e+00
0.00000000000000000e+00 0.00000000000000000e+00
-5.13626896681764894e-02 2.90303161664436787e-03
9.44524883922809033e-02 9.31845623185110217e-02
0.00000000000000000e+00 0.00000000000000000e+00
0.00000000000000000e+00 0.00000000000000000e+00
9.78826182002598411e-02 6.91966038701230107e-02
0.00000000000000000e+00 0.00000000000000000e+00
-4.88331625428956792e-02 -8.40689590098296635e-02
0.00000000000000000e+00 0.00000000000000000e+00
0.00000000000000000e+00 0.00000000000000000e+00
0.00000000000000000e+00 0.00000000000000000e+00
1.27945835920246886e-01 -1.46047776811447858e-02
2.88739541579084782e-02 1.99039194993290758e-01
0.00000000000000000e+00 0.00000000000000000e+00
3.32784569117799300e-01 1.48534785555776844e-01
0.00000000000000000e+00 0.00000000000000000e+00
0.00000000000000000e+00 0.00000000000000000e+00
7.23211407314641452e-02 -7.49630743310132908e-02
0.00000000000000000e+00 0.00000000000000000e+00
-7.37013741293637281e-02 -9.64895834647379325e-03
-2.33786520943186304e-01 8.95053071819707363e-02
0.00000000000000000e+00 0.00000000000000000e+00
-2.41809291831810352e-01 2.44558390498971989e-01
0.00000000000000000e+00 0.00000000000000000e+00
0.00000000000000000e+00 0.00000000000000000e+00
-3.83040892563538266e-02 -9.35257697965386492e-02
-1.38583510976158064e-01 8.95513753255300637e-02
0.00000000000000000e+00 0.00000000000000000e+00
0.00000000000000000e+00 0.00000000000000000e+00
9.91448735721199015e-02 2.41847864649632482e-02
0.00000000000000000e+00 0.00000000000000000e+00
8.29472317022273836e-02 -6.68570149275655584e-02
-4.31117762271848587e-02 1.06601970155445799e-01
0.00000000000000000e+00 0.00000000000000000e+00
0.00000000000000000e+00 0.00000000000000000e+00
4.45469794164949362e-02 5.55127932383480613e-02
-6.87377379200199284e-02 -1.70836248597446755e-01
0.00000000000000000e+00 0.00000000000000000e+00
-2.82273539296698968e-02 -1.87248726593750997e-02
0.00000000000000000e+00 0.00000000000000000e+00
0.00000000000000000e+00 0.00000000000000000e+00
-2.73974178885739716e-01 -1.59000529758729442e-01
-4.24284017588366161e-02 3.52680289135456349e-02
0.00000000000000000e+00 0.00000000000000000e+00
0.00000000000000000e+00 0.00000000000000000e+00
1.65235511075822766e-01 9.20002115430219869e-02
0.00000000000000000e+00 0.00000000000000000e+00
-1.04269198181807216e-01 1.42655195474803709e-01
-9.24775681675234044e-03 -6.21165714159842217e-02
0.00000000000000000e+00 0.00000000000000000e+00
1.18320619888464429e-01 5.84553124551292838e-02
0.00000000000000000e+00 0.00000000000000000e+00
0.00000000000000000e+00 0.00000000000000000e+00
-2.45281436462676805e-01 6.40005100242244801e-02
0.00000000000000000e+00 0.00000000000000000e+00
1.58686291822641629e-01 -1.32148465869382753e-01
-9.71776513282743559e-02 -1.14219716923370962e-01
0.00000000000000000e+00 0.00000000000000000e+00
0.00000000000000000e+00 0.00000000000000000e+00
2.53084537768184098e-03 1.11888171207950901e-01
-9.56394944344458875e-02 0.00000000000000000e+00
0.00000000000000000e+00 0.00000000000000000e+00
-9.13492228843740817e-02 9.85918399896208025e-02
0.00000000000000000e+00 0.00000000000000000e+00
0.00000000000000000e+00 0.00000000000000000e+00
-5.35570114659632834e-02 1.49580542359260577e-01
-4.30647345100583154e-03 5.56926273004414718e-02
0.00000000000000000e+00 0.00000000000000000e+00
0.00000000000000000e+00 0.00000000000000000e+00
-1.53639384214679653e-01 -5.85937174773445008e-02
0.00000000000000000e+00 0.00000000000000000e+00
0.00000000000000000e+00 0.00000000000000000e+00
-4.88331625428956792e-02 -8.40689590098296635e-02
0.00000000000000000e+00 0.00000000000000000e+00
0.00000000000000000e+00 0.00000000000000000e+00
-1.25886786783806492e-01 -2.21392122696995652e-01
1.53393724690357863e-02 4.26109615482203538e-02
0.00000000000000000e+00 0.00000000000000000e+00
-5.33400413546510632e-02 -8.86027579188608805e-02
0.00000000000000000e+00 0.00000000000000000e+00
0.00000000000000000e+00 0.00000000000000000e+00
1.73560511609465951e-01 1.30947936957994462e-02
0.00000000000000000e+00 0.00000000000000000e+00
-2.98043641285614613e-01 -1.45882915800204221e-02
-2.28271193612870987e-01 5.35058800815876451e-02
0.00000000000000000e+00 0.00000000000000000e+00
-1.34792611822146635e-01 -7.91141501090901478e-02
0.00000000000000000e+00 0.00000000000000000e+00
0.00000000000000000e+00 0.00000000000000000e+00
-1.61198560091853627e-02 -4.30186330275407411e-02
-1.55849654651623627e-03 -2.35028998339958550e-01
0.00000000000000000e+00 0.00000000000000000e+00
0.00000000000000000e+00 0.00000000000000000e+00
-9.70206697744398078e-02 7.09772896977136913e-02
0.00000000000000000e+00 0.00000000000000000e+00
1.33757886615045729e-01 8.64275938431413038e-02
-1.39297262559522905e-02 -5.42940484362221740e-02
0.00000000000000000e+00 0.00000000000000000e+00
5.40349979888504750e-02 2.63783656675282280e-02
0.00000000000000000e+00 0.00000000000000000e+00
0.00000000000000000e+00 0.00000000000000000e+00
-2.37658488743179575e-02 -1.15493505593332671e-01
0.00000000000000000e+00 0.00000000000000000e+00
-2.82273539296698968e-02 -1.87248726593750997e-02
2.02744068428461141e-02 -7.69017819142991665e-02
0.00000000000000000e+00 0.00000000000000000e+00
0.00000000000000000e+00 0.00000000000000000e+00
-1.09285105164446006e-01 -6.67711314550694518e-03
1.60693218475837368e-01 -2.42082950557978918e-02
0.00000000000000000e+00 0.00000000000000000e+00
-4.99185847068782176e-02 5.82010063199170091e-02
0.00000000000000000e+00 0.00000000000000000e+00
0.00000000000000000e+00 0.00000000000000000e+00
-8.51715404510367813e-02 1.06051301946760393e-01
0.00000000000000000e+00 0.00000000000000000e+00
-2.49705644286149081e-02 1.26138184752140586e-01
2.12613030129882530e-01 2.56377092555301167e-01
0.00000000000000000e+00 0.00000000000000000e+00
3.99099645487214993e-01 1.08196814409324313e-01
0.00000000000000000e+00 0.00000000000000000e+00
0.00000000000000000e+00 0.00000000000000000e+00
-2.12319128918174671e-01 -1.86445772752307393e-01
-2.11972982678034910e-02 -9.75028126089268060e-02
0.00000000000000000e+00 0.00000000000000000e+00
0.00000000000000000e+00 0.00000000000000000e+00
-1.32880196463835587e-01 0.00000000000000000e+00
0.00000000000000000e+00 0.00000000000000000e+00
6.67130369611396851e-02 1.25227914137165025e-01
8.03705379478625859e-02 -6.20855713533450884e-02
0.00000000000000000e+00 0.00000000000000000e+00
0.00000000000000000e+00 0.00000000000000000e+00
-4.30647345100583154e-03 5.56926273004414718e-02
-9.44524883922809033e-02 -9.31845623185110217e-02
0.00000000000000000e+00 0.00000000000000000e+00
0.00000000000000000e+00 0.00000000000000000e+00
0.00000000000000000e+00 0.00000000000000000e+00
0.00000000000000000e+00 0.00000000000000000e+00
-4.88331625428956792e-02 -8.40689590098296635e-02
-3.19677763592388989e-02 8.04898084836310479e-02
0.00000000000000000e+00 0.00000000000000000e+00
0.00000000000000000e+00 0.00000000000000000e+00
-2.46229241339838700e-02 6.35733203149511233e-03
0.00000000000000000e+00 0.00000000000000000e+00
-5.33400413546510632e-02 -8.86027579188608805e-02
-3.32784569117799300e-01 -1.48534785555776844e-01
0.00000000000000000e+00 0.00000000000000000e+00
-2.31445618612767967e-01 3.61922649805522412e-01
0.00000000000000000e+00 0.00000000000000000e+00
0.00000000000000000e+00 0.00000000000000000e+00
-9.09801441139686390e-02 1.78283440236629842e-01
0.00000000000000000e+00 0.00000000000000000e+00
-1.34792611822146635e-01 -7.91141501090901478e-02
2.41809291831810352e-01 -2.44558390498971989e-01
0.00000000000000000e+00 0.00000000000000000e+00
0.00000000000000000e+00 0.00000000000000000e+00
5.70255621029331985e-02 -1.47238393300485160e-01
1.64583354626090528e-01 -6.67374641327564931e-03
0.00000000000000000e+00 0.00000000000000000e+00
-2.16533921929321749e-01 -1.04276471506837817e-01
0.00000000000000000e+00 0.00000000000000000e+00
0.00000000000000000e+00 0.00000000000000000e+00
4.50038365050994399e-02 -1.37771503286415381e-01
0.00000000000000000e+00 0.00000000000000000e+00
3.41565834819525030e-02 -1.28125567140861762e-01
6.86657680076158388e-04 -2.43505259897222992e-01
0.00000000000000000e+00 0.00000000000000000e+00
1.14427778997755719e-01 -1.04896947093246623e-01
0.00000000000000000e+00 0.00000000000000000e+00
0.00000000000000000e+00 0.00000000000000000e+00
-8.86486532209833020e-03 1.80364437783862436e-02
7.83359648966538424e-02 2.01396805550485281e-01
0.00000000000000000e+00 0.00000000000000000e+00
0.00000000000000000e+00 0.00000000000000000e+00
6.19820462804870562e-02 -2.15754111636665621e-02
0.00000000000000000e+00 0.00000000000000000e+00
-6.59090397713299053e-02 -1.19222766967424482e-01
4.74877008293719122e-02 -1.63116133013316622e-01
0.00000000000000000e+00 0.00000000000000000e+00
-4.06954831396087666e-02 -6.35864220295581928e-02
0.00000000000000000e+00 0.00000000000000000e+00
0.00000000000000000e+00 0.00000000000000000e+00
-3.21969863312325452e-02 9.16409618012768851e-02
0.00000000000000000e+00 0.00000000000000000e+00
1.94830505897501532e-01 7.74356573512093582e-02
1.28338818411577599e-02 -2.23662080056402507e-01
0.00000000000000000e+00 0.00000000000000000e+00
0.00000000000000000e+00 0.00000000000000000e+00
-4.77985566607870282e-02 -3.11410909596748636e-02
-9.13492228843740817e-02 -9.85918399896208025e-02
0.00000000000000000e+00 0.00000000000000000e+00
2.46041108439123274e-02 0.00000000000000000e+00
0.00000000000000000e+00 0.00000000000000000e+00
0.00000000000000000e+00 0.00000000000000000e+00
-8.31225560898329191e-02 7.91669592692846244e-03
-2.20940012966557714e-02 -5.29748575365782681e-02
0.00000000000000000e+00 0.00000000000000000e+00
0.00000000000000000e+00 0.00000000000000000e+00
0.00000000000000000e+00 0.00000000000000000e+00
0.00000000000000000e+00 0.00000000000000000e+00
-1.53639384214679653e-01 -5.85937174773445008e-02
-9.78826182002598411e-02 -6.91966038701230107e-02
0.00000000000000000e+00 0.00000000000000000e+00
0.00000000000000000e+00 0.00000000000000000e+00
-8.33172406173341290e-02 -3.36008399449868461e-03
6.40828589622803452e-02 -2.34820059668890885e-01
0.00000000000000000e+00 0.00000000000000000e+00
-1.92458740547923890e-02 -8.41143575985137670e-02
0.00000000000000000e+00 0.00000000000000000e+00
0.00000000000000000e+00 0.00000000000000000e+00
-1.07206872423827426e-01 -1.98130395227944428e-01
0.00000000000000000e+00 0.00000000000000000e+00
1.19438655856880377e-02 -1.67390451727493783e-02
3.43700704785994404e-03 -1.36941463190274254e-01
0.00000000000000000e+00 0.00000000000000000e+00
1.05469227231863347e-01 -8.83812008759283646e-02
0.00000000000000000e+00 0.00000000000000000e+00
0.00000000000000000e+00 0.00000000000000000e+00
7.28184888199352592e-02 -4.31634494810912289e-02
-2.89421251544152713e-01 -8.22201119526902169e-02
0.00000000000000000e+00 0.00000000000000000e+00
0.00000000000000000e+00 0.00000000000000000e+00
-3.56443934449233099e-02 7.65827551058084199e-02
0.00000000000000000e+00 0.00000000000000000e+00
-3.76404953439495593e-02 1.07996550891474460e-01
-2.02838347027581717e-01 1.12701253942288013e-01
0.00000000000000000e+00 0.00000000000000000e+00
2.31179383840679695e-02 3.31002042520952555e-02
0.00000000000000000e+00 0.00000000000000000e+00
0.00000000000000000e+00 0.00000000000000000e+00
6.86657680076158388e-04 -2.43505259897222992e-01
0.00000000000000000e+00 0.00000000000000000e+00
1.59399668043457676e-01 -4.95542040891325253e-02
1.85206315660702336e-01 -6.91923931821522842e-02
0.00000000000000000e+00 0.00000000000000000e+00
0.00000000000000000e+00 0.00000000000000000e+00
3.68138212314401579e-04 1.71875717028752484e-01
5.34732970944262614e-02 3.17062795634319439e-01
0.00000000000000000e+00 0.00000000000000000e+00
3.68301613400163486e-02 -1.98143958635441320e-01
0.00000000000000000e+00 0.00000000000000000e+00
0.00000000000000000e+00 0.00000000000000000e+00
2.50968000910603631e-02 -2.64614323475207136e-01
0.00000000000000000e+00 0.00000000000000000e+00
-1.38130673103071394e-03 1.17460475804103515e-01
1.64396727501746026e-01 -1.41610344032098101e-01
0.00000000000000000e+00 0.00000000000000000e+00
3.18197413388242034e-02 -9.58342910695400563e-02
0.00000000000000000e+00 0.00000000000000000e+00
0.00000000000000000e+00 0.00000000000000000e+00
-3.05900601809119599e-01 -2.14277509978292285e-01
2.30345715820016117e-01 9.65320017384731777e-02
0.00000000000000000e+00 0.00000000000000000e+00
0.00000000000000000e+00 0.00000000000000000e+00
6.67130369611396851e-02 -1.25227914137165025e-01
0.00000000000000000e+00 0.00000000000000000e+00
-1.08261836603252420e-02 0.00000000000000000e+00
6.75937989382700555e-02 -1.86517515208633085e-02
0.00000000000000000e+00 0.00000000000000000e+00
0.00000000000000000e+00 0.00000000000000000e+00
-2.20940012966557714e-02 -5.29748575365782681e-02
0.00000000000000000e+00 0.00000000000000000e+00
0.00000000000000000e+00 0.00000000000000000e+00
-9.44524883922809033e-02 -9.31845623185110217e-02
0.00000000000000000e+00 0.00000000000000000e+00
0.00000000000000000e+00 0.00000000000000000e+00
-9.78826182002598411e-02 -6.91966038701230107e-02
-1.32250044201479622e-01 1.59669348623492913e-01
0.00000000000000000e+00 0.00000000000000000e+00
0.00000000000000000e+00 0.00000000000000000e+00
6.40828589622803452e-02 -2.34820059668890885e-01
0.00000000000000000e+00 0.00000000000000000e+00
-5.92081706578120454e-02 -1.20367987115238995e-01
2.88739541579084782e-02 1.99039194993290758e-01
0.00000000000000000e+00 0.00000000000000000e+00
4.46746873295709862e-02 5.78435871211308988e-02
0.00000000000000000e+00 0.00000000000000000e+00
0.00000000000000000e+00 0.00000000000000000e+00
3.43700704785994404e-03 -1.36941463190274254e-01
0.00000000000000000e+00 0.00000000000000000e+00
2.42760276730765640e-01 3.63963592791138046e-02
-2.33786520943186304e-01 8.95053071819707363e-02
0.00000000000000000e+00 0.00000000000000000e+00
0.00000000000000000e+00 0.00000000000000000e+00
-1.36626300398639905e-01 -7.07202360634827942e-02
-6.05771107578039897e-02 -3.92604987315969545e-02
0.00000000000000000e+00 0.00000000000000000e+00
5.36721734274702711e-02 -1.88504089837435440e-01
0.00000000000000000e+00 0.00000000000000000e+00
0.00000000000000000e+00 0.00000000000000000e+00
-1.06762544834555426e-01 9.70899409569213473e-02
-2.06600178733715195e-01 1.08654443970540249e-01
0.00000000000000000e+00 0.00000000000000000e+00
0.00000000000000000e+00 0.00000000000000000e+00
-3.41565834819525030e-02 1.28125567140861762e-01
0.00000000000000000e+00 0.00000000000000000e+00
4.45469794164949362e-02 5.55127932383480613e-02
6.34166215106001657e-02 9.02317788729907616e-02
0.00000000000000000e+00 0.00000000000000000e+00
0.00000000000000000e+00 0.00000000000000000e+00
5.79749191608534484e-02 7.76562985611172762e-02
-1.01257571325144069e-01 9.69849042810600886e-02
0.00000000000000000e+00 0.00000000000000000e+00
7.38466653167906828e-02 -6.32165386963901427e-02
0.00000000000000000e+00 0.00000000000000000e+00
0.00000000000000000e+00 0.00000000000000000e+00
2.46123235261705049e-02 3.17538517949359986e-02
0.00000000000000000e+00 0.00000000000000000e+00
-7.08292381428295426e-02 -4.10074773660600161e-02
8.64657407127540356e-02 2.39771501164648890e-02
0.00000000000000000e+00 0.00000000000000000e+00
-1.32809078223390442e-01 -1.37545778729462165e-01
0.00000000000000000e+00 0.00000000000000000e+00
0.00000000000000000e+00 0.00000000000000000e+00
-1.12854239064019424e-01 4.21095153240517162e-02
1.93061406081261391e-02 -8.18276325103988178e-02
0.00000000000000000e+00 0.00000000000000000e+00
0.00000000000000000e+00 0.00000000000000000e+00
8.03705379478625859e-02 6.20855713533450884e-02
0.00000000000000000e+00 0.00000000000000000e+00
6.75937989382700555e-02 1.86517515208633085e-02
1.06959691025103068e-01 0.00000000000000000e+00
0.00000000000000000e+00 0.00000000000000000e+00
0.00000000000000000e+00 0.00000000000000000e+00
0.00000000000000000e+00 0.00000000000000000e+00
-2.20940012966557714e-02 -5.29748575365782681e-02
0.00000000000000000e+00 0.00000000000000000e+00
4.30647345100583154e-03 -5.56926273004414718e-02
0.00000000000000000e+00 0.00000000000000000e+00
0.00000000000000000e+00 0.00000000000000000e+00
1.53639384214679653e-01 5.85937174773445008e-02
-2.41445804701023829e-02 -5.75609219470009023e-03
0.00000000000000000e+00 0.00000000000000000e+00
0.00000000000000000e+00 0.00000000000000000e+00
8.33172406173341290e-02 3.36008399449868461e-03
0.00000000000000000e+00 0.00000000000000000e+00
-1.25886786783806492e-01 -2.21392122696995652e-01
-1.71814634109023145e-01 -6.31522478858738412e-02
0.00000000000000000e+00 0.00000000000000000e+00
1.25448781201018711e-01 8.63303805771583055e-02
0.00000000000000000e+00 0.00000000000000000e+00
0.00000000000000000e+00 0.00000000000000000e+00
-1.19438655856880377e-02 1.67390451727493783e-02
0.00000000000000000e+00 0.00000000000000000e+00
-2.98043641285614613e-01 -1.45882915800204221e-02
8.81904572472584219e-02 9.95511977071752846e-02
0.00000000000000000e+00 0.00000000000000000e+00
0.00000000000000000e+00 0.00000000000000000e+00
-1.28379254785360664e-01 2.35174213999183201e-01
-1.26637398895927872e-01 -2.78287915442335526e-02
0.00000000000000000e+00 0.00000000000000000e+00
6.98702080727439667e-02 -2.45587142287620463e-02
0.00000000000000000e+00 0.00000000000000000e+00
0.00000000000000000e+00 0.00000000000000000e+00
1.22346281152839326e-01 -2.38371495035809400e-01
0.00000000000000000e+00 0.00000000000000000e+00
-2.06600178733715195e-01 1.08654443970540249e-01
-2.31179383840679695e-02 -3.31002042520952555e-02
0.00000000000000000e+00 0.00000000000000000e+00
5.40349979888504750e-02 2.63783656675282280e-02
0.00000000000000000e+00 0.00000000000000000e+00
0.00000000000000000e+00 0.00000000000000000e+00
1.08388510556302137e-01 1.45574521877104845e-01
-7.24941266007049778e-02 -3.68639830478650274e-02
0.00000000000000000e+00 0.00000000000000000e+00
0.00000000000000000e+00 0.00000000000000000e+00
-1.79225398009483505e-01 6.74638157593273058e-02
0.00000000000000000e+00 0.00000000000000000e+00
1.40703368722400052e-01 -2.12713966373375696e-02
-1.59344711458077326e-01 1.58211139745454421e-01
0.00000000000000000e+00 0.00000000000000000e+00
5.10423632420342541e-02 -7.19100305171915671e-02
0.00000000000000000e+00 0.00000000000000000e+00
0.00000000000000000e+00 0.00000000000000000e+00
1.25779917121332102e-01 2.05024047950126576e-01
0.00000000000000000e+00 0.00000000000000000e+00
1.04821060936888949e-02 -2.05228651026473502e-01
-2.14155891780092200e-01 -9.34831031304077242e-02
0.00000000000000000e+00 0.00000000000000000e+00
0.00000000000000000e+00 0.00000000000000000e+00
-5.13626896681764894e-02 -2.90303161664436787e-03
-5.35570114659632834e-02 -1.49580542359260577e-01
0.00000000000000000e+00 0.00000000000000000e+00
-8.31225560898329191e-02 -7.91669592692846244e-03
0.00000000000000000e+00 0.00000000000000000e+00
0.00000000000000000e+00 0.00000000000000000e+00
3.85887255311245791e-03 0.00000000000000000e+00
0.00000000000000000e+00 0.00000000000000000e+00
0.00000000000000000e+00 0.00000000000000000e+00
0.00000000000000000e+00 0.00000000000000000e+00
-2.20940012966557714e-02 -5.29748575365782681e-02
0.00000000000000000e+00 0.00000000000000000e+00
4.30647345100583154e-03 -5.56926273004414718e-02
9.44524883922809033e-02 9.31845623185110217e-02
0.00000000000000000e+00 0.00000000000000000e+00
0.00000000000000000e+00 0.00000000000000000e+00
-2.41445804701023829e-02 -5.75609219470009023e-03
1.32250044201479622e-01 -1.59669348623492913e-01
0.00000000000000000e+00 0.00000000000000000e+00
-3.19677763592388989e-02 8.04898084836310479e-02
0.00000000000000000e+00 0.00000000000000000e+00
0.00000000000000000e+00 0.00000000000000000e+00
-2.11776930712042843e-01 -9.94058774025990965e-02
0.00000000000000000e+00 0.00000000000000000e+00
1.25448781201018711e-01 8.63303805771583055e-02
-4.46746873295709862e-02 -5.78435871211308988e-02
0.00000000000000000e+00 0.00000000000000000e+00
-2.31445618612767967e-01 3.61922649805522412e-01
0.00000000000000000e+00 0.00000000000000000e+00
0.00000000000000000e+00 0.00000000000000000e+00
2.25481506746160770e-01 2.24328757862217454e-01
1.92180451322637058e-01 4.29522300725422718e-02
0.00000000000000000e+00 0.00000000000000000e+00
0.00000000000000000e+00 0.00000000000000000e+00
2.61575522495849332e-02 -1.63289156550261161e-02
0.00000000000000000e+00 0.00000000000000000e+00
1.12861494232945250e-02 -1.12349319268235451e-01
-7.96720170774027903e-02 1.05626460925181048e-01
0.00000000000000000e+00 0.00000000000000000e+00
0.00000000000000000e+00 0.00000000000000000e+00
7.96720170774027903e-02 1.05626460925181048e-01
1.12861494232945250e-02 1.12349319268235451e-01
0.00000000000000000e+00 0.00000000000000000e+00
-2.61575522495849332e-02 -1.63289156550261161e-02
0.00000000000000000e+00 0.00000000000000000e+00
0.00000000000000000e+00 0.00000000000000000e+00
1.92180451322637058e-01 -4.29522300725422718e-02
2.25481506746160770e-01 -2.24328757862217454e-01
0.00000000000000000e+00 0.00000000000000000e+00
0.00000000000000000e+00 0.00000000000000000e+00
2.31445618612767967e-01 3.61922649805522412e-01
0.00000000000000000e+00 0.00000000000000000e+00
-4.46746873295709862e-02 5.78435871211308988e-02
-1.25448781201018711e-01 8.63303805771583055e-02
0.00000000000000000e+00 0.00000000000000000e+00
2.11776930712042843e-01 -9.94058774025990965e-02
0.00000000000000000e+00 0.00000000000000000e+00
0.00000000000000000e+00 0.00000000000000000e+00
-3.19677763592388989e-02 -8.04898084836310479e-02
0.00000000000000000e+00 0.00000000000000000e+00
-1.32250044201479622e-01 -1.59669348623492913e-01
-2.41445804701023829e-02 5.75609219470009023e-03
0.00000000000000000e+00 0.00000000000000000e+00
0.00000000000000000e+00 0.00000000000000000e+00
9.44524883922809033e-02 -9.31845623185110217e-02
-4.30647345100583154e-03 -5.56926273004414718e-02
0.00000000000000000e+00 0.00000000000000000e+00
-2.20940012966557714e-02 5.29748575365782681e-02
0.00000000000000000e+00 0.00000000000000000e+00
0.00000000000000000e+00 0.00000000000000000e+00
0.00000000000000000e+00 0.00000000000000000e+00
3.85887255311245791e-03 0.00000000000000000e+00
0.00000000000000000e+00 0.00000000000000000e+00
0.00000000000000000e+00 0.00000000000000000e+00
8.31225560898329191e-02 -7.91669592692846244e-03
0.00000000000000000e+00 0.00000000000000000e+00
-5.35570114659632834e-02 1.49580542359260577e-01
5.13626896681764894e-02 -2.90303161664436787e-03
0.00000000000000000e+00 0.00000000000000000e+00
0.00000000000000000e+00 0.00000000000000000e+00
2.14155891780092200e-01 -9.34831031304077242e-02
1.04821060936888949e-02 2.05228651026473502e-01
0.00000000000000000e+00 0.00000000000000000e+00
-1.25779917121332102e-01 2.05024047950126576e-01
0.00000000000000000e+00 0.00000000000000000e+00
0.00000000000000000e+00 0.00000000000000000e+00
5.10423632420342541e-02 7.19100305171915671e-02
0.00000000000000000e+00 0.00000000000000000e+00
-1.59344711458077326e-01 -1.58211139745454421e-01
-1.40703368722400052e-01 -2.12713966373375696e-02
0.00000000000000000e+00 0.00000000000000000e+00
-1.79225398009483505e-01 -6.74638157593273058e-02
0.00000000000000000e+00 0.00000000000000000e+00
0.00000000000000000e+00 0.00000000000000000e+00
7.24941266007049778e-02 -3.68639830478650274e-02
-1.08388510556302137e-01 1.45574521877104845e-01
0.00000000000000000e+00 0.00000000000000000e+00
0.00000000000000000e+00 0.00000000000000000e+00
5.40349979888504750e-02 -2.63783656675282280e-02
0.00000000000000000e+00 0.00000000000000000e+00
2.31179383840679695e-02 -3.31002042520952555e-02
-2.06600178733715195e-01 -1.08654443970540249e-01
0.00000000000000000e+00 0.00000000000000000e+00
-1.22346281152839326e-01 -2.38371495035809400e-01
0.00000000000000000e+00 0.00000000000000000e+00
0.00000000000000000e+00 0.00000000000000000e+00
6.98702080727439667e-02 2.45587142287620463e-02
0.00000000000000000e+00 0.00000000000000000e+00
1.26637398895927872e-01 -2.78287915442335526e-02
-1.28379254785360664e-01 -2.35174213999183201e-01
0.00000000000000000e+00 0.00000000000000000e+00
0.00000000000000000e+00 0.00000000000000000e+00
8.81904572472584219e-02 -9.95511977071752846e-02
2.98043641285614613e-01 -1.45882915800204221e-02
0.00000000000000000e+00 0.00000000000000000e+00
-1.19438655856880377e-02 -1.67390451727493783e-02
0.00000000000000000e+00 0.00000000000000000e+00
0.00000000000000000e+00 0.00000000000000000e+00
-1.25448781201018711e-01 8.63303805771583055e-02
0.00000000000000000e+00 0.00000000000000000e+00
1.71814634109023145e-01 -6.31522478858738412e-02
-1.25886786783806492e-01 2.21392122696995652e-01
0.00000000000000000e+00 0.00000000000000000e+00
-8.33172406173341290e-02 3.36008399449868461e-03
0.00000000000000000e+00 0.00000000000000000e+00
0.00000000000000000e+00 0.00000000000000000e+00
-2.41445804701023829e-02 5.75609219470009023e-03
1.53639384214679653e-01 -5.85937174773445008e-02
0.00000000000000000e+00 0.00000000000000000e+00
0.00000000000000000e+00 0.00000000000000000e+00
-4.30647345100583154e-03 -5.56926273004414718e-02
0.00000000000000000e+00 0.00000000000000000e+00
-2.20940012966557714e-02 5.29748575365782681e-02
0.00000000000000000e+00 0.00000000000000000e+00
0.00000000000000000e+00 0.00000000000000000e+00
0.00000000000000000e+00 0.00000000000000000e+00
1.06959691025103068e-01 0.00000000000000000e+00
-6.75937989382700555e-02 1.86517515208633085e-02
0.00000000000000000e+00 0.00000000000000000e+00
8.03705379478625859e-02 -6.20855713533450884e-02
0.00000000000000000e+00 0.00000000000000000e+00
0.00000000000000000e+00 0.00000000000000000e+00
-1.93061406081261391e-02 -8.18276325103988178e-02
1.12854239064019424e-01 4.21095153240517162e-02
0.00000000000000000e+00 0.00000000000000000e+00
0.00000000000000000e+00 0.00000000000000000e+00
-1.32809078223390442e-01 1.37545778729462165e-01
0.00000000000000000e+00 0.00000000000000000e+00
-8.64657407127540356e-02 2.39771501164648890e-02
-7.08292381428295426e-02 4.10074773660600161e-02
0.00000000000000000e+00 0.00000000000000000e+00
2.46123235261705049e-02 -3.17538517949359986e-02
0.00000000000000000e+00 0.00000000000000000e+00
0.00000000000000000e+00 0.00000000000000000e+00
-7.38466653167906828e-02 -6.32165386963901427e-02
0.00000000000000000e+00 0.00000000000000000e+00
-1.01257571325144069e-01 -9.69849042810600886e-02
-5.79749191608534484e-02 7.76562985611172762e-02
0.00000000000000000e+00 0.00000000000000000e+00
0.00000000000000000e+00 0.00000000000000000e+00
-6.34166215106001657e-02 9.02317788729907616e-02
4.45469794164949362e-02 -5.55127932383480613e-02
0.00000000000000000e+00 0.00000000000000000e+00
3.41565834819525030e-02 1.28125567140861762e-01
0.00000000000000000e+00 0.00000000000000000e+00
0.00000000000000000e+00 0.00000000000000000e+00
-2.06600178733715195e-01 -1.08654443970540249e-01
-1.06762544834555426e-01 -9.70899409569213473e-02
0.00000000000000000e+00 0.00000000000000000e+00
0.00000000000000000e+00 0.00000000000000000e+00
-5.36721734274702711e-02 -1.88504089837435440e-01
0.00000000000000000e+00 0.00000000000000000e+00
-6.05771107578039897e-02 3.92604987315969545e-02
1.36626300398639905e-01 -7.07202360634827942e-02
0.00000000000000000e+00 0.00000000000000000e+00
0.00000000000000000e+00 0.00000000000000000e+00
2.33786520943186304e-01 8.95053071819707363e-02
2.42760276730765640e-01 -3.63963592791138046e-02
0.00000000000000000e+00 0.00000000000000000e+00
-3.43700704785994404e-03 -1.36941463190274254e-01
0.00000000000000000e+00 0.00000000000000000e+00
0.00000000000000000e+00 0.00000000000000000e+00
4.46746873295709862e-02 -5.78435871211308988e-02
0.00000000000000000e+00 0.00000000000000000e+00
2.88739541579084782e-02 -1.99039194993290758e-01
5.92081706578120454e-02 -1.20367987115238995e-01
0.00000000000000000e+00 0.00000000000000000e+00
6.40828589622803452e-02 2.34820059668890885e-01
0.00000000000000000e+00 0.00000000000000000e+00
0.00000000000000000e+00 0.00000000000000000e+00
1.32250044201479622e-01 1.59669348623492913e-01
9.78826182002598411e-02 -6.91966038701230107e-02
0.00000000000000000e+00 0.00000000000000000e+00
0.00000000000000000e+00 0.00000000000000000e+00
-9.44524883922809033e-02 9.31845623185110217e-02
0.00000000000000000e+00 0.00000000000000000e+00
0.00000000000000000e+00 0.00000000000000000e+00
-2.20940012966557714e-02 5.29748575365782681e-02
0.00000000000000000e+00 0.00000000000000000e+00
0.00000000000000000e+00 0.00000000000000000e+00
-6.75937989382700555e-02 -1.86517515208633085e-02
-1.08261836603252420e-02 0.00000000000000000e+00
0.00000000000000000e+00 0.00000000000000000e+00
-6.67130369611396851e-02 -1.25227914137165025e-01
0.00000000000000000e+00 0.00000000000000000e+00
0.00000000000000000e+00 0.00000000000000000e+00
2.30345715820016117e-01 -9.65320017384731777e-02
-3.05900601809119599e-01 2.14277509978292285e-01
0.00000000000000000e+00 0.00000000000000000e+00
0.00000000000000000e+00 0.00000000000000000e+00
-3.18197413388242034e-02 -9.58342910695400563e-02
0.00000000000000000e+00 0.00000000000000000e+00
1.64396727501746026e-01 1.41610344032098101e-01
1.38130673103071394e-03 1.17460475804103515e-01
0.00000000000000000e+00 0.00000000000000000e+00
-2.50968000910603631e-02 -2.64614323475207136e-01
0.00000000000000000e+00 0.00000000000000000e+00
0.00000000000000000e+00 0.00000000000000000e+00
3.68301613400163486e-02 1.98143958635441320e-01
0.00000000000000000e+00 0.00000000000000000e+00
-5.34732970944262614e-02 3.17062795634319439e-01
3.68138212314401579e-04 -1.71875717028752484e-01
0.00000000000000000e+00 0.00000000000000000e+00
0.00000000000000000e+00 0.00000000000000000e+00
1.85206315660702336e-01 6.91923931821522842e-02
-1.59399668043457676e-01 -4.95542040891325253e-02
0.00000000000000000e+00 0.00000000000000000e+00
6.86657680076158388e-04 2.43505259897222992e-01
0.00000000000000000e+00 0.00000000000000000e+00
0.00000000000000000e+00 0.00000000000000000e+00
-2.31179383840679695e-02 3.31002042520952555e-02
0.00000000000000000e+00 0.00000000000000000e+00
-2.02838347027581717e-01 -1.12701253942288013e-01
3.76404953439495593e-02 1.07996550891474460e-01
0.00000000000000000e+00 0.00000000000000000e+00
-3.56443934449233099e-02 -7.65827551058084199e-02
0.00000000000000000e+00 0.00000000000000000e+00
0.00000000000000000e+00 0.00000000000000000e+00
2.89421251544152713e-01 -8.22201119526902169e-02
-7.28184888199352592e-02 -4.31634494810912289e-02
0.00000000000000000e+00 0.00000000000000000e+00
0.00000000000000000e+00 0.00000000000000000e+00
1.05469227231863347e-01 8.83812008759283646e-02
0.00000000000000000e+00 0.00000000000000000e+00
-3.43700704785994404e-03 -1.36941463190274254e-01
1.19438655856880377e-02 1.67390451727493783e-02
0.00000000000000000e+00 0.00000000000000000e+00
-1.07206872423827426e-01 1.98130395227944428e-01
0.00000000000000000e+00 0.00000000000000000e+00
0.00000000000000000e+00 0.00000000000000000e+00
1.92458740547923890e-02 -8.41143575985137670e-02
0.00000000000000000e+00 0.00000000000000000e+00
6.40828589622803452e-02 2.34820059668890885e-01
8.33172406173341290e-02 -3.36008399449868461e-03
0.00000000000000000e+00 0.00000000000000000e+00
0.00000000000000000e+00 0.00000000000000000e+00
9.78826182002598411e-02 -6.91966038701230107e-02
-1.53639384214679653e-01 5.85937174773445008e-02
0.00000000000000000e+00 0.00000000000000000e+00
0.00000000000000000e+00 0.00000000000000000e+00
0.00000000000000000e+00 0.00000000000000000e+00
0.00000000000000000e+00 0.00000000000000000e+00
-2.20940012966557714e-02 5.29748575365782681e-02
8.31225560898329191e-02 7.91669592692846244e-03
0.00000000000000000e+00 0.00000000000000000e+00
0.00000000000000000e+00 0.00000000000000000e+00
2.46041108439123274e-02 0.00000000000000000e+00
0.00000000000000000e+00 0.00000000000000000e+00
9.13492228843740817e-02 -9.85918399896208025e-02
-4.77985566607870282e-02 3.11410909596748636e-02
0.00000000000000000e+00 0.00000000000000000e+00
0.00000000000000000e+00 0.00000000000000000e+00
1.28338818411577599e-02 2.23662080056402507e-01
-1.94830505897501532e-01 7.74356573512093582e-02
0.00000000000000000e+00 0.00000000000000000e+00
-3.21969863312325452e-02 -9.16409618012768851e-02
0.00000000000000000e+00 0.00000000000000000e+00
0.00000000000000000e+00 0.00000000000000000e+00
4.06954831396087666e-02 -6.35864220295581928e-02
0.00000000000000000e+00 0.00000000000000000e+00
-4.74877008293719122e-02 -1.63116133013316622e-01
-6.59090397713299053e-02 1.19222766967424482e-01
0.00000000000000000e+00 0.00000000000000000e+00
-6.19820462804870562e-02 -2.15754111636665621e-02
0.00000000000000000e+00 0.00000000000000000e+00
0.00000000000000000e+00 0.00000000000000000e+00
7.83359648966538424e-02 -2.01396805550485281e-01
-8.86486532209833020e-03 -1.80364437783862436e-02
0.00000000000000000e+00 0.00000000000000000e+00
0.00000000000000000e+00 0.00000000000000000e+00
-1.14427778997755719e-01 -1.04896947093246623e-01
0.00000000000000000e+00 0.00000000000000000e+00
6.86657680076158388e-04 2.43505259897222992e-01
-3.41565834819525030e-02 -1.28125567140861762e-01
0.00000000000000000e+00 0.00000000000000000e+00
-4.50038365050994399e-02 -1.37771503286415381e-01
0.00000000000000000e+00 0.00000000000000000e+00
0.00000000000000000e+00 0.00000000000000000e+00
-2.16533921929321749e-01 1.04276471506837817e-01
0.00000000000000000e+00 0.00000000000000000e+00
-1.64583354626090528e-01 -6.67374641327564931e-03
5.70255621029331985e-02 1.47238393300485160e-01
0.00000000000000000e+00 0.00000000000000000e+00
0.00000000000000000e+00 0.00000000000000000e+00
2.41809291831810352e-01 2.44558390498971989e-01
1.34792611822146635e-01 -7.91141501090901478e-02
0.00000000000000000e+00 0.00000000000000000e+00
-9.09801441139686390e-02 -1.78283440236629842e-01
0.00000000000000000e+00 0.00000000000000000e+00
0.00000000000000000e+00 0.00000000000000000e+00
2.31445618612767967e-01 3.61922649805522412e-01
0.00000000000000000e+00 0.00000000000000000e+00
3.32784569117799300e-01 -1.48534785555776844e-01
-5.33400413546510632e-02 8.86027579188608805e-02
0.00000000000000000e+00 0.00000000000000000e+00
2.46229241339838700e-02 6.35733203149511233e-03
0.00000000000000000e+00 0.00000000000000000e+00
0.00000000000000000e+00 0.00000000000000000e+00
-3.19677763592388989e-02 -8.04898084836310479e-02
-4.88331625428956792e-02 8.40689590098296635e-02
0.00000000000000000e+00 0.00000000000000000e+00
0.00000000000000000e+00 0.00000000000000000e+00
0.00000000000000000e+00 0.00000000000000000e+00
0.00000000000000000e+00 0.00000000000000000e+00
-9.44524883922809033e-02 9.31845623185110217e-02
4.30647345100583154e-03 5.56926273004414718e-02
0.00000000000000000e+00 0.00000000000000000e+00
0.00000000000000000e+00 0.00000000000000000e+00
8.03705379478625859e-02 6.20855713533450884e-02
-6.67130369611396851e-02 1.25227914137165025e-01
0.00000000000000000e+00 0.00000000000000000e+00
-1.32880196463835587e-01 0.00000000000000000e+00
0.00000000000000000e+00 0.00000000000000000e+00
0.00000000000000000e+00 0.00000000000000000e+00
2.11972982678034910e-02 -9.75028126089268060e-02
2.12319128918174671e-01 -1.86445772752307393e-01
0.00000000000000000e+00 0.00000000000000000e+00
0.00000000000000000e+00 0.00000000000000000e+00
3.99099645487214993e-01 -1.08196814409324313e-01
0.00000000000000000e+00 0.00000000000000000e+00
-2.12613030129882530e-01 2.56377092555301167e-01
-2.49705644286149081e-02 -1.26138184752140586e-01
0.00000000000000000e+00 0.00000000000000000e+00
-8.51715404510367813e-02 -1.06051301946760393e-01
0.00000000000000000e+00 0.00000000000000000e+00
0.00000000000000000e+00 0.00000000000000000e+00
4.99185847068782176e-02 5.82010063199170091e-02
0.00000000000000000e+00 0.00000000000000000e+00
1.60693218475837368e-01 2.42082950557978918e-02
1.09285105164446006e-01 -6.67711314550694518e-03
0.00000000000000000e+00 0.00000000000000000e+00
0.00000000000000000e+00 0.00000000000000000e+00
-2.02744068428461141e-02 -7.69017819142991665e-02
-2.82273539296698968e-02 1.87248726593750997e-02
0.00000000000000000e+00 0.00000000000000000e+00
2.37658488743179575e-02 -1.15493505593332671e-01
0.00000000000000000e+00 0.00000000000000000e+00
0.00000000000000000e+00 0.00000000000000000e+00
5.40349979888504750e-02 -2.63783656675282280e-02
0.00000000000000000e+00 0.00000000000000000e+00
1.39297262559522905e-02 -5.42940484362221740e-02
1.33757886615045729e-01 -8.64275938431413038e-02
0.00000000000000000e+00 0.00000000000000000e+00
9.70206697744398078e-02 7.09772896977136913e-02
0.00000000000000000e+00 0.00000000000000000e+00
0.00000000000000000e+00 0.00000000000000000e+00
-1.55849654651623627e-03 2.35028998339958550e-01
-1.61198560091853627e-02 4.30186330275407411e-02
0.00000000000000000e+00 0.00000000000000000e+00
0.00000000000000000e+00 0.00000000000000000e+00
1.34792611822146635e-01 -7.91141501090901478e-02
0.00000000000000000e+00 0.00000000000000000e+00
-2.28271193612870987e-01 -5.35058800815876451e-02
2.98043641285614613e-01 -1.45882915800204221e-02
0.00000000000000000e+00 0.00000000000000000e+00
-1.73560511609465951e-01 1.30947936957994462e-02
0.00000000000000000e+00 0.00000000000000000e+00
0.00000000000000000e+00 0.00000000000000000e+00
-5.33400413546510632e-02 8.86027579188608805e-02
0.00000000000000000e+00 0.00000000000000000e+00
-1.53393724690357863e-02 4.26109615482203538e-02
-1.25886786783806492e-01 2.21392122696995652e-01
0.00000000000000000e+00 0.00000000000000000e+00
0.00000000000000000e+00 0.00000000000000000e+00
-4.88331625428956792e-02 8.40689590098296635e-02
0.00000000000000000e+00 0.00000000000000000e+00
0.00000000000000000e+00 0.00000000000000000e+00
-1.53639384214679653e-01 5.85937174773445008e-02
0.00000000000000000e+00 0.00000000000000000e+00
0.00000000000000000e+00 0.00000000000000000e+00
4.30647345100583154e-03 5.56926273004414718e-02
-5.35570114659632834e-02 -1.49580542359260577e-01
0.00000000000000000e+00 0.00000000000000000e+00
0.00000000000000000e+00 0.00000000000000000e+00
9.13492228843740817e-02 9.85918399896208025e-02
0.00000000000000000e+00 0.00000000000000000e+00
-9.56394944344458875e-02 0.00000000000000000e+00
-2.53084537768184098e-03 1.11888171207950901e-01
0.00000000000000000e+00 0.00000000000000000e+00
0.00000000000000000e+00 0.00000000000000000e+00
9.71776513282743559e-02 -1.14219716923370962e-01
1.58686291822641629e-01 1.32148465869382753e-01
0.00000000000000000e+00 0.00000000000000000e+00
2.45281436462676805e-01 6.40005100242244801e-02
0.00000000000000000e+00 0.00000000000000000e+00
0.00000000000000000e+00 0.00000000000000000e+00
1.18320619888464429e-01 -5.84553124551292838e-02
0.00000000000000000e+00 0.00000000000000000e+00
-9.24775681675234044e-03 6.21165714159842217e-02
1.04269198181807216e-01 1.42655195474803709e-01
0.00000000000000000e+00 0.00000000000000000e+00
1.65235511075822766e-01 -9.20002115430219869e-02
0.00000000000000000e+00 0.00000000000000000e+00
0.00000000000000000e+00 0.00000000000000000e+00
4.24284017588366161e-02 3.52680289135456349e-02
2.73974178885739716e-01 -1.59000529758729442e-01
0.00000000000000000e+00 0.00000000000000000e+00
0.00000000000000000e+00 0.00000000000000000e+00
-2.82273539296698968e-02 1.87248726593750997e-02
0.00000000000000000e+00 0.00000000000000000e+00
6.87377379200199284e-02 -1.70836248597446755e-01
4.45469794164949362e-02 -5.55127932383480613e-02
0.00000000000000000e+00 0.00000000000000000e+00
0.00000000000000000e+00 0.00000000000000000e+00
-4.31117762271848587e-02 -1.06601970155445799e-01
-8.29472317022273836e-02 -6.68570149275655584e-02
0.00000000000000000e+00 0.00000000000000000e+00
9.91448735721199015e-02 -2.41847864649632482e-02
0.00000000000000000e+00 0.00000000000000000e+00
0.00000000000000000e+00 0.00000000000000000e+00
1.38583510976158064e-01 8.95513753255300637e-02
3.83040892563538266e-02 -9.35257697965386492e-02
0.00000000000000000e+00 0.00000000000000000e+00
0.00000000000000000e+00 0.00000000000000000e+00
-2.41809291831810352e-01 -2.44558390498971989e-01
0.00000000000000000e+00 0.00000000000000000e+00
2.33786520943186304e-01 8.95053071819707363e-02
-7.37013741293637281e-02 9.64895834647379325e-03
0.00000000000000000e+00 0.00000000000000000e+00
7.23211407314641452e-02 7.49630743310132908e-02
0.00000000000000000e+00 0.00000000000000000e+00
0.00000000000000000e+00 0.00000000000000000e+00
-3.32784569117799300e-01 1.48534785555776844e-01
0.00000000000000000e+00 0.00000000000000000e+00
2.88739541579084782e-02 -1.99039194993290758e-01
-1.27945835920246886e-01 -1.46047776811447858e-02
0.00000000000000000e+00 0.00000000000000000e+00
0.00000000000000000e+00 0.00000000000000000e+00
0.00000000000000000e+00 0.00000000000000000e+00
-4.88331625428956792e-02 8.40689590098296635e-02
0.00000000000000000e+00 0.00000000000000000e+00
-9.78826182002598411e-02 6.91966038701230107e-02
0.00000000000000000e+00 0.00000000000000000e+00
0.00000000000000000e+00 0.00000000000000000e+00
9.44524883922809033e-02 -9.31845623185110217e-02
5.13626896681764894e-02 2.90303161664436787e-03
0.00000000000000000e+00 0.00000000000000000e+00
0.00000000000000000e+00 0.00000000000000000e+00
-4.77985566607870282e-02 -3.11410909596748636e-02
0.00000000000000000e+00 0.00000000000000000e+00
-2.53084537768184098e-03 -1.11888171207950901e-01
-2.02605098969902919e-01 0.00000000000000000e+00
0.00000000000000000e+00 0.00000000000000000e+00
0.00000000000000000e+00 0.00000000000000000e+00
1.00367804475557515e-01 4.51723268386097498e-02
1.19431504250724213e-03 -6.50937154425042241e-02
0.00000000000000000e+00 0.00000000000000000e+00
9.82731243305701718e-02 2.42779755695850599e-02
0.00000000000000000e+00 0.00000000000000000e+00
0.00000000000000000e+00 0.00000000000000000e+00
3.02768796886145330e-02 -6.70596983553533865e-02
0.00000000000000000e+00 0.00000000000000000e+00
2.25687963503644284e-01 -1.07657378672427834e-01
1.16276950080013378e-02 -5.19894025008655614e-02
0.00000000000000000e+00 0.00000000000000000e+00
-9.13382863625574436e-03 1.82347501298333103e-01
0.00000000000000000e+00 0.00000000000000000e+00
0.00000000000000000e+00 0.00000000000000000e+00
-3.81786683577764185e-02 -6.41411139457847834e-02
-8.60799350321485440e-02 -1.97473547001007360e-01
0.00000000000000000e+00 0.00000000000000000e+00
0.00000000000000000e+00 0.00000000000000000e+00
2.02744068428461141e-02 7.69017819142991665e-02
0.00000000000000000e+00 0.00000000000000000e+00
1.85206315660702336e-01 6.91923931821522842e-02
-2.72453086128375925e-02 -3.10622231559570083e-01
0.00000000000000000e+00 0.00000000000000000e+00
-3.11625901500209523e-01 8.63112301426542800e-02
0.00000000000000000e+00 0.00000000000000000e+00
0.00000000000000000e+00 0.00000000000000000e+00
-2.40136689411756740e-02 1.66204399226276556e-02
0.00000000000000000e+00 0.00000000000000000e+00
1.95220675765146207e-01 -8.57347347959655504e-03
-1.23148839655500570e-02 5.93976544466212272e-02
0.00000000000000000e+00 0.00000000000000000e+00
0.00000000000000000e+00 0.00000000000000000e+00
3.83040892563538266e-02 -9.35257697965386492e-02
1.61198560091853627e-02 -4.30186330275407411e-02
0.00000000000000000e+00 0.00000000000000000e+00
-7.28184888199352592e-02 -4.31634494810912289e-02
0.00000000000000000e+00 0.00000000000000000e+00
0.00000000000000000e+00 0.00000000000000000e+00
-2.10992423628266063e-01 1.34426518501515962e-01
0.00000000000000000e+00 0.00000000000000000e+00
7.23211407314641452e-02 7.49630743310132908e-02
1.73560511609465951e-01 -1.30947936957994462e-02
0.00000000000000000e+00 0.00000000000000000e+00
-1.07206872423827426e-01 1.98130395227944428e-01
0.00000000000000000e+00 0.00000000000000000e+00
0.00000000000000000e+00 0.00000000000000000e+00
-1.67908132523266584e-01 2.16488518355804418e-02
0.00000000000000000e+00 0.00000000000000000e+00
0.00000000000000000e+00 0.00000000000000000e+00
0.00000000000000000e+00 0.00000000000000000e+00
-4.88331625428956792e-02 8.40689590098296635e-02
0.00000000000000000e+00 0.00000000000000000e+00
-9.78826182002598411e-02 6.91966038701230107e-02
1.53639384214679653e-01 -5.85937174773445008e-02
0.00000000000000000e+00 0.00000000000000000e+00
0.00000000000000000e+00 0.00000000000000000e+00
-1.93061406081261391e-02 8.18276325103988178e-02
2.30345715820016117e-01 9.65320017384731777e-02
0.00000000000000000e+00 0.00000000000000000e+00
2.11972982678034910e-02 9.75028126089268060e-02
0.00000000000000000e+00 0.00000000000000000e+00
0.00000000000000000e+00 0.00000000000000000e+00
-2.33034920908266274e-01 0.00000000000000000e+00
-5.40991880269660122e-02 -9.48541277710201192e-02
0.00000000000000000e+00 0.00000000000000000e+00
0.00000000000000000e+00 0.00000000000000000e+00
-1.13947162547393066e-01 7.13234038643215801e-03
0.00000000000000000e+00 0.00000000000000000e+00
-2.20461359319707229e-01 1.48934054914747985e-02
-1.63305169629194696e-01 -1.83545682699485596e-01
0.00000000000000000e+00 0.00000000000000000e+00
-1.67941159714959709e-01 -8.01557075149074427e-02
0.00000000000000000e+00 0.00000000000000000e+00
0.00000000000000000e+00 0.00000000000000000e+00
8.75514786422857683e-02 1.16178470861879046e-01
0.00000000000000000e+00 0.00000000000000000e+00
1.32570721020558117e-02 8.08493108364426311e-02
-1.23938794830663349e-01 4.53129637053348994e-03
0.00000000000000000e+00 0.00000000000000000e+00
0.00000000000000000e+00 0.00000000000000000e+00
-8.60799350321485440e-02 -1.97473547001007360e-01
-2.73974178885739716e-01 1.59000529758729442e-01
0.00000000000000000e+00 0.00000000000000000e+00
-8.86486532209833020e-03 -1.80364437783862436e-02
0.00000000000000000e+00 0.00000000000000000e+00
0.00000000000000000e+00 0.00000000000000000e+00
1.77265804328643854e-02 -3.65964974563684153e-01
-1.17608004704116850e-01 1.25199717466564470e-01
0.00000000000000000e+00 0.00000000000000000e+00
0.00000000000000000e+00 0.00000000000000000e+00
6.38574808536593180e-02 -1.27290392947851994e-01
0.00000000000000000e+00 0.00000000000000000e+00
-2.01068247600704936e-01 -1.11496081098786531e-02
-2.30317570670068611e-01 6.92772510641445349e-02
0.00000000000000000e+00 0.00000000000000000e+00
0.00000000000000000e+00 0.00000000000000000e+00
4.88745320028744698e-02 -6.42176773335543516e-02
-1.40885529615393853e-02 -2.78262739815639260e-01
0.00000000000000000e+00 0.00000000000000000e+00
1.62967083247192057e-01 -1.66682862833247653e-01
0.00000000000000000e+00 0.00000000000000000e+00
0.00000000000000000e+00 0.00000000000000000e+00
-1.92180451322637058e-01 4.29522300725422718e-02
0.00000000000000000e+00 0.00000000000000000e+00
-4.74985286961833036e-02 3.11768948719253827e-02
1.21110253261890122e-01 5.76700137778707947e-02
0.00000000000000000e+00 0.00000000000000000e+00
-1.84217512076318701e-01 -1.97667130710728542e-02
0.00000000000000000e+00 0.00000000000000000e+00
0.00000000000000000e+00 0.00000000000000000e+00
0.00000000000000000e+00 0.00000000000000000e+00
1.67908132523266584e-01 -2.16488518355804418e-02
0.00000000000000000e+00 0.00000000000000000e+00
0.00000000000000000e+00 0.00000000000000000e+00
-3.19677763592388989e-02 -8.04898084836310479e-02
0.00000000000000000e+00 0.00000000000000000e+00
-1.32250044201479622e-01 -1.59669348623492913e-01
-2.41445804701023829e-02 5.75609219470009023e-03
0.00000000000000000e+00 0.00000000000000000e+00
0.00000000000000000e+00 0.00000000000000000e+00
1.12854239064019424e-01 -4.21095153240517162e-02
-3.05900601809119599e-01 -2.14277509978292285e-01
0.00000000000000000e+00 0.00000000000000000e+00
2.12319128918174671e-01 1.86445772752307393e-01
0.00000000000000000e+00 0.00000000000000000e+00
0.00000000000000000e+00 0.00000000000000000e+00
-5.40991880269660122e-02 9.48541277710201192e-02
-1.45238308834204022e-01 0.00000000000000000e+00
0.00000000000000000e+00 0.00000000000000000e+00
0.00000000000000000e+00 0.00000000000000000e+00
-2.45667776793009607e-02 1.08813976599570469e-01
0.00000000000000000e+00 0.00000000000000000e+00
-3.40169201110075703e-02 3.13338628032209868e-02
-1.75111622139698608e-01 -6.36666534582394084e-02
0.00000000000000000e+00 0.00000000000000000e+00
1.81529340113858566e-02 1.33056451269464360e-01
0.00000000000000000e+00 0.00000000000000000e+00
0.00000000000000000e+00 0.00000000000000000e+00
3.24521951665183647e-03 1.07365128232472157e-01
0.00000000000000000e+00 0.00000000000000000e+00
9.09839143518161864e-02 7.55653548090485794e-02
8.47730668155291175e-03 -2.10444490492051953e-02
0.00000000000000000e+00 0.00000000000000000e+00
0.00000000000000000e+00 0.00000000000000000e+00
1.16042307667610506e-01 -4.13568277743303694e-02
-5.94454931068513701e-02 1.40325272123239086e-01
0.00000000000000000e+00 0.00000000000000000e+00
1.65904454650583344e-01 -5.14906223645583555e-02
0.00000000000000000e+00 0.00000000000000000e+00
0.00000000000000000e+00 0.00000000000000000e+00
-7.24941266007049778e-02 3.68639830478650274e-02
0.00000000000000000e+00 0.00000000000000000e+00
1.32648882117833850e-01 -4.26966176708344566e-02
1.40076424728594273e-01 -1.00815041645910361e-01
0.00000000000000000e+00 0.00000000000000000e+00
1.33617861316680298e-01 -1.58875609933474160e-01
0.00000000000000000e+00 0.00000000000000000e+00
0.00000000000000000e+00 0.00000000000000000e+00
-2.30317570670068611e-01 6.92772510641445349e-02
-8.59522056077784424e-02 2.32710797406035452e-01
0.00000000000000000e+00 0.00000000000000000e+00
0.00000000000000000e+00 0.00000000000000000e+00
-7.26726116109888270e-02 -1.90472134776165924e-01
0.00000000000000000e+00 0.00000000000000000e+00
1.01721321016792696e-02 -1.55182986944040202e-01
1.28379254785360664e-01 2.35174213999183201e-01
0.00000000000000000e+00 0.00000000000000000e+00
-9.15479664742043925e-02 2.21773926070773120e-01
0.00000000000000000e+00 0.00000000000000000e+00
0.00000000000000000e+00 0.00000000000000000e+00
1.21110253261890122e-01 5.76700137778707947e-02
0.00000000000000000e+00 0.00000000000000000e+00
-1.84217512076318701e-01 -1.97667130710728542e-02
0.00000000000000000e+00 0.00000000000000000e+00
0.00000000000000000e+00 0.00000000000000000e+00
0.00000000000000000e+00 0.00000000000000000e+00
1.27945835920246886e-01 1.46047776811447858e-02
-1.25886786783806492e-01 2.21392122696995652e-01
0.00000000000000000e+00 0.00000000000000000e+00
-8.33172406173341290e-02 3.36008399449868461e-03
0.00000000000000000e+00 0.00000000000000000e+00
0.00000000000000000e+00 0.00000000000000000e+00
-2.41445804701023829e-02 5.75609219470009023e-03
2.14155891780092200e-01 9.34831031304077242e-02
0.00000000000000000e+00 0.00000000000000000e+00
0.00000000000000000e+00 0.00000000000000000e+00
1.28338818411577599e-02 -2.23662080056402507e-01
0.00000000000000000e+00 0.00000000000000000e+00
9.71776513282743559e-02 1.14219716923370962e-01
1.00367804475557515e-01 -4.51723268386097498e-02
0.00000000000000000e+00 0.00000000000000000e+00
0.00000000000000000e+00 0.00000000000000000e+00
2.31314841102530588e-01 0.00000000000000000e+00
1.73167729217946043e-01 -3.68712022129793135e-02
0.00000000000000000e+00 0.00000000000000000e+00
6.25084852985777345e-02 -6.75606714124374619e-02
0.00000000000000000e+00 0.00000000000000000e+00
0.00000000000000000e+00 0.00000000000000000e+00
-2.45780452416001216e-01 -1.42591254351993851e-01
0.00000000000000000e+00 0.00000000000000000e+00
1.15033684528604019e-01 -8.85460467327441880e-02
-1.68000208616688851e-01 -1.10307893204186172e-01
0.00000000000000000e+00 0.00000000000000000e+00
-1.05297487289458341e-01 -3.80458303759771480e-02
0.00000000000000000e+00 0.00000000000000000e+00
0.00000000000000000e+00 0.00000000000000000e+00
8.47730668155291175e-03 -2.10444490492051953e-02
-8.60317400077763167e-02 9.20597967673451312e-02
0.00000000000000000e+00 0.00000000000000000e+00
0.00000000000000000e+00 0.00000000000000000e+00
-1.26302196512460746e-01 1.82270414182291673e-01
0.00000000000000000e+00 0.00000000000000000e+00
8.79366279662439077e-02 -2.19695338428255935e-02
5.79749191608534484e-02 -7.76562985611172762e-02
0.00000000000000000e+00 0.00000000000000000e+00
0.00000000000000000e+00 0.00000000000000000e+00
-1.45137365264140089e-02 -1.24778673911036600e-01
-3.37276487059662622e-01 9.68893372002936210e-02
0.00000000000000000e+00 0.00000000000000000e+00
-4.00891190075908649e-02 -1.34082932883794997e-01
0.00000000000000000e+00 0.00000000000000000e+00
0.00000000000000000e+00 0.00000000000000000e+00
2.01068247600704936e-01 1.11496081098786531e-02
-7.01801797158910362e-02 -4.97011552143824115e-02
0.00000000000000000e+00 0.00000000000000000e+00
0.00000000000000000e+00 0.00000000000000000e+00
-7.48743756528069959e-02 1.47095306245808743e-01
0.00000000000000000e+00 0.00000000000000000e+00
6.05771107578039897e-02 -3.92604987315969545e-02
1.83230598967208669e-04 -1.12291542424790974e-01
0.00000000000000000e+00 0.00000000000000000e+00
1.43627442841593907e-02 -1.54033289696918707e-01
0.00000000000000000e+00 0.00000000000000000e+00
0.00000000000000000e+00 0.00000000000000000e+00
4.74985286961833036e-02 -3.11768948719253827e-02
0.00000000000000000e+00 0.00000000000000000e+00
0.00000000000000000e+00 0.00000000000000000e+00
-1.84217512076318701e-01 -1.97667130710728542e-02
0.00000000000000000e+00 0.00000000000000000e+00
0.00000000000000000e+00 0.00000000000000000e+00
2.88739541579084782e-02 -1.99039194993290758e-01
1.53393724690357863e-02 -4.26109615482203538e-02
0.00000000000000000e+00 0.00000000000000000e+00
6.40828589622803452e-02 2.34820059668890885e-01
0.00000000000000000e+00 0.00000000000000000e+00
0.00000000000000000e+00 0.00000000000000000e+00
1.32250044201479622e-01 1.59669348623492913e-01
1.04821060936888949e-02 -2.05228651026473502e-01
0.00000000000000000e+00 0.00000000000000000e+00
0.00000000000000000e+00 0.00000000000000000e+00
-1.94830505897501532e-01 -7.74356573512093582e-02
0.00000000000000000e+00 0.00000000000000000e+00
1.58686291822641629e-01 -1.32148465869382753e-01
1.19431504250724213e-03 6.50937154425042241e-02
0.00000000000000000e+00 0.00000000000000000e+00
0.00000000000000000e+00 0.00000000000000000e+00
1.73167729217946043e-01 3.68712022129793135e-02
3.83148851826493608e-02 0.00000000000000000e+00
0.00000000000000000e+00 0.00000000000000000e+00
-2.59660144846885488e-01 -2.23887088387234312e-02
0.00000000000000000e+00 0.00000000000000000e+00
0.00000000000000000e+00 0.00000000000000000e+00
2.10805624465060404e-01 2.17146778175664017e-02
0.00000000000000000e+00 0.00000000000000000e+00
-6.03531499427240881e-02 1.73814362453448612e-01
2.53671119223962092e-02 -9.87451839098114903e-03
0.00000000000000000e+00 0.00000000000000000e+00
2.92693572807191278e-02 -5.41620957451580121e-03
0.00000000000000000e+00 0.00000000000000000e+00
0.00000000000000000e+00 0.00000000000000000e+00
-9.09839143518161864e-02 -7.55653548090485794e-02
1.36330454035209520e-01 -7.59632799518788898e-02
0.00000000000000000e+00 0.00000000000000000e+00
0.00000000000000000e+00 0.00000000000000000e+00
6.47224245045044735e-03 1.42400888434348477e-03
0.00000000000000000e+00 0.00000000000000000e+00
5.34732970944262614e-02 -3.17062795634319439e-01
-1.36890815712145692e-02 5.29212789048668086e-02
0.00000000000000000e+00 0.00000000000000000e+00
1.69336504835103541e-01 1.12743292818088439e-01
0.00000000000000000e+00 0.00000000000000000e+00
0.00000000000000000e+00 0.00000000000000000e+00
-8.70196002377118943e-02 -7.10069979371052984e-02
0.00000000000000000e+00 0.00000000000000000e+00
-4.00891190075908649e-02 -1.34082932883794997e-01
-1.33617861316680298e-01 1.58875609933474160e-01
0.00000000000000000e+00 0.00000000000000000e+00
0.00000000000000000e+00 0.00000000000000000e+00
2.58956224771352342e-02 -3.40898422290157044e-02
1.70657991416668237e-01 -1.02335853261700513e-01
0.00000000000000000e+00 0.00000000000000000e+00
3.56443934449233099e-02 7.65827551058084199e-02
0.00000000000000000e+00 0.00000000000000000e+00
0.00000000000000000e+00 0.00000000000000000e+00
-1.52611720546545593e-01 -1.00791666535583579e-01
0.00000000000000000e+00 0.00000000000000000e+00
1.43627442841593907e-02 -1.54033289696918707e-01
9.15479664742043925e-02 -2.21773926070773120e-01
0.00000000000000000e+00 0.00000000000000000e+00
0.00000000000000000e+00 0.00000000000000000e+00
0.00000000000000000e+00 0.00000000000000000e+00
0.00000000000000000e+00 0.00000000000000000e+00
-1.84217512076318701e-01 -1.97667130710728542e-02
-1.07206872423827426e-01 1.98130395227944428e-01
0.00000000000000000e+00 0.00000000000000000e+00
0.00000000000000000e+00 0.00000000000000000e+00
-2.46229241339838700e-02 -6.35733203149511233e-03
0.00000000000000000e+00 0.00000000000000000e+00
6.40828589622803452e-02 2.34820059668890885e-01
8.33172406173341290e-02 -3.36008399449868461e-03
0.00000000000000000e+00 0.00000000000000000e+00
0.00000000000000000e+00 0.00000000000000000e+00
-1.32809078223390442e-01 -1.37545778729462165e-01
-3.18197413388242034e-02 9.58342910695400563e-02
0.00000000000000000e+00 0.00000000000000000e+00
3.99099645487214993e-01 1.08196814409324313e-01
0.00000000000000000e+00 0.00000000000000000e+00
0.00000000000000000e+00 0.00000000000000000e+00
-1.13947162547393066e-01 -7.13234038643215801e-03
-2.45667776793009607e-02 -1.08813976599570469e-01
0.00000000000000000e+00 0.00000000000000000e+00
0.00000000000000000e+00 0.00000000000000000e+00
3.47197511151630889e-01 0.00000000000000000e+00
0.00000000000000000e+00 0.00000000000000000e+00
-1.01597885001371735e-01 4.24736530882080521e-03
-2.99365040115021699e-02 3.66161910187672301e-02
0.00000000000000000e+00 0.00000000000000000e+00
-2.81434593832409520e-02 -8.51367609493467181e-02
0.00000000000000000e+00 0.00000000000000000e+00
0.00000000000000000e+00 0.00000000000000000e+00
1.22247862439614358e-01 -2.31477016393189683e-01
0.00000000000000000e+00 0.00000000000000000e+00
2.92693572807191278e-02 -5.41620957451580121e-03
1.05297487289458341e-01 3.80458303759771480e-02
0.00000000000000000e+00 0.00000000000000000e+00
0.00000000000000000e+00 0.00000000000000000e+00
1.58721354773521089e-01 -1.77461470413769362e-01
1.27328456252935707e-01 -1.79528711939833607e-01
0.00000000000000000e+00 0.00000000000000000e+00
6.19820462804870562e-02 2.15754111636665621e-02
0.00000000000000000e+00 0.00000000000000000e+00
0.00000000000000000e+00 0.00000000000000000e+00
-9.16569082555540177e-02 8.24423674265995776e-02
0.00000000000000000e+00 0.00000000000000000e+00
-2.59706827388587330e-02 2.54642089339244815e-01
-1.31478124059107887e-01 -1.69473522860932840e-01
0.00000000000000000e+00 0.00000000000000000e+00
1.49740049377792388e-02 -7.24681482471786903e-02
0.00000000000000000e+00 0.00000000000000000e+00
0.00000000000000000e+00 0.00000000000000000e+00
6.38574808536593180e-02 -1.27290392947851994e-01
-6.80040027136790959e-02 1.00858311467251466e-01
0.00000000000000000e+00 0.00000000000000000e+00
0.00000000000000000e+00 0.00000000000000000e+00
2.16533921929321749e-01 -1.04276471506837817e-01
0.00000000000000000e+00 0.00000000000000000e+00
3.60368055458133163e-02 -3.47350371783510387e-02
-5.42231585646883382e-02 1.86750272469186906e-02
0.00000000000000000e+00 0.00000000000000000e+00
4.45442918259092227e-02 8.32621050685045105e-02
0.00000000000000000e+00 0.00000000000000000e+00
0.00000000000000000e+00 0.00000000000000000e+00
0.00000000000000000e+00 0.00000000000000000e+00
0.00000000000000000e+00 0.00000000000000000e+00
4.74985286961833036e-02 -3.11768948719253827e-02
-1.21110253261890122e-01 -5.76700137778707947e-02
0.00000000000000000e+00 0.00000000000000000e+00
0.00000000000000000e+00 0.00000000000000000e+00
3.32784569117799300e-01 -1.48534785555776844e-01
-5.33400413546510632e-02 8.86027579188608805e-02
0.00000000000000000e+00 0.00000000000000000e+00
-1.92458740547923890e-02 8.41143575985137670e-02
0.00000000000000000e+00 0.00000000000000000e+00
0.00000000000000000e+00 0.00000000000000000e+00
-3.19677763592388989e-02 -8.04898084836310479e-02
-1.25779917121332102e-01 -2.05024047950126576e-01
0.00000000000000000e+00 0.00000000000000000e+00
0.00000000000000000e+00 0.00000000000000000e+00
-3.21969863312325452e-02 9.16409618012768851e-02
0.00000000000000000e+00 0.00000000000000000e+00
2.45281436462676805e-01 -6.40005100242244801e-02
9.82731243305701718e-02 -2.42779755695850599e-02
0.00000000000000000e+00 0.00000000000000000e+00
0.00000000000000000e+00 0.00000000000000000e+00
6.25084852985777345e-02 6.75606714124374619e-02
-2.59660144846885488e-01 2.23887088387234312e-02
0.00000000000000000e+00 0.00000000000000000e+00
-1.76629415928521771e-01 0.00000000000000000e+00
0.00000000000000000e+00 0.00000000000000000e+00
0.00000000000000000e+00 0.00000000000000000e+00
-8.64920355013303888e-02 1.92278599175721120e-02
0.00000000000000000e+00 0.00000000000000000e+00
7.69383660131571501e-02 2.59917216587457922e-01
-2.61253779903721402e-02 -1.86484566087566361e-01
0.00000000000000000e+00 0.00000000000000000e+00
3.49355975397884211e-02 2.30146726178703742e-01
0.00000000000000000e+00 0.00000000000000000e+00
0.00000000000000000e+00 0.00000000000000000e+00
3.24521951665183647e-03 1.07365128232472157e-01
1.20566589858706594e-01 8.62915032932348725e-02
0.00000000000000000e+00 0.00000000000000000e+00
0.00000000000000000e+00 0.00000000000000000e+00
-4.99185847068782176e-02 -5.82010063199170091e-02
0.00000000000000000e+00 0.00000000000000000e+00
-1.17390814685370617e-01 1.75359672463986926e-01
9.08637566648054229e-02 -1.12376762340394579e-01
0.00000000000000000e+00 0.00000000000000000e+00
1.84395617768952358e-03 -5.20406602915051558e-02
0.00000000000000000e+00 0.00000000000000000e+00
0.00000000000000000e+00 0.00000000000000000e+00
-1.31478124059107887e-01 -1.69473522860932840e-01
0.00000000000000000e+00 0.00000000000000000e+00
2.65230891759729970e-01 -2.40364483384577610e-01
1.40076424728594273e-01 -1.00815041645910361e-01
0.00000000000000000e+00 0.00000000000000000e+00
0.00000000000000000e+00 0.00000000000000000e+00
-1.26937565474730812e-01 1.73808566170582518e-02
-1.33757886615045729e-01 8.64275938431413038e-02
0.00000000000000000e+00 0.00000000000000000e+00
1.11277816986177933e-01 -6.53165920679397438e-02
0.00000000000000000e+00 0.00000000000000000e+00
0.00000000000000000e+00 0.00000000000000000e+00
4.36090008476108619e-03 -6.91155777925547277e-02
0.00000000000000000e+00 0.00000000000000000e+00
4.45442918259092227e-02 8.32621050685045105e-02
0.00000000000000000e+00 0.00000000000000000e+00
0.00000000000000000e+00 0.00000000000000000e+00
9.15479664742043925e-02 -2.21773926070773120e-01
0.00000000000000000e+00 0.00000000000000000e+00
0.00000000000000000e+00 0.00000000000000000e+00
-1.21110253261890122e-01 -5.76700137778707947e-02
-1.73560511609465951e-01 1.30947936957994462e-02
0.00000000000000000e+00 0.00000000000000000e+00
0.00000000000000000e+00 0.00000000000000000e+00
-5.33400413546510632e-02 8.86027579188608805e-02
0.00000000000000000e+00 0.00000000000000000e+00
-5.92081706578120454e-02 1.20367987115238995e-01
-1.25886786783806492e-01 2.21392122696995652e-01
0.00000000000000000e+00 0.00000000000000000e+00
0.00000000000000000e+00 0.00000000000000000e+00
-8.64657407127540356e-02 -2.39771501164648890e-02
1.64396727501746026e-01 -1.41610344032098101e-01
0.00000000000000000e+00 0.00000000000000000e+00
-2.12613030129882530e-01 -2.56377092555301167e-01
0.00000000000000000e+00 0.00000000000000000e+00
0.00000000000000000e+00 0.00000000000000000e+00
-2.20461359319707229e-01 -1.48934054914747985e-02
-3.40169201110075703e-02 -3.13338628032209868e-02
0.00000000000000000e+00 0.00000000000000000e+00
0.00000000000000000e+00 0.00000000000000000e+00
-1.01597885001371735e-01 -4.24736530882080521e-03
0.00000000000000000e+00 0.00000000000000000e+00
1.34063617565611970e-01 0.00000000000000000e+00
2.38230682778534264e-01 5.63652174741082826e-02
0.00000000000000000e+00 0.00000000000000000e+00
7.75904437013626852e-02 6.52635394975838723e-02
0.00000000000000000e+00 0.00000000000000000e+00
0.00000000000000000e+00 0.00000000000000000e+00
-2.61253779903721402e-02 -1.86484566087566361e-01
0.00000000000000000e+00 0.00000000000000000e+00
1.31816348057006594e-01 8.54422817649518052e-03
-1.68000208616688851e-01 -1.10307893204186172e-01
0.00000000000000000e+00 0.00000000000000000e+00
0.00000000000000000e+00 0.00000000000000000e+00
4.46428062244221338e-02 -8.18763700695097352e-02
-1.04269198181807216e-01 -1.42655195474803709e-01
0.00000000000000000e+00 0.00000000000000000e+00
-1.03816094594216937e-01 3.16942665706128543e-02
0.00000000000000000e+00 0.00000000000000000e+00
0.00000000000000000e+00 0.00000000000000000e+00
1.57720460070414820e-01 -1.54321904399447124e-01
-3.57279543507506639e-02 6.76782674272128071e-02
0.00000000000000000e+00 0.00000000000000000e+00
0.00000000000000000e+00 0.00000000000000000e+00
2.59706827388587330e-02 -2.54642089339244815e-01
0.00000000000000000e+00 0.00000000000000000e+00
-1.45137365264140089e-02 -1.24778673911036600e-01
-2.04694477417766502e-01 -1.00778528513449525e-01
0.00000000000000000e+00 0.00000000000000000e+00
0.00000000000000000e+00 0.00000000000000000e+00
4.31117762271848587e-02 1.06601970155445799e-01
-3.00606075165511175e-02 2.99438231084016432e-02
0.00000000000000000e+00 0.00000000000000000e+00
7.77978509783265465e-02 1.70975882636267007e-01
0.00000000000000000e+00 0.00000000000000000e+00
0.00000000000000000e+00 0.00000000000000000e+00
-1.00369618958807954e-02 -4.81425917339033602e-02
0.00000000000000000e+00 0.00000000000000000e+00
0.00000000000000000e+00 0.00000000000000000e+00
4.45442918259092227e-02 8.32621050685045105e-02
0.00000000000000000e+00 0.00000000000000000e+00
-1.43627442841593907e-02 1.54033289696918707e-01
0.00000000000000000e+00 0.00000000000000000e+00
0.00000000000000000e+00 0.00000000000000000e+00
-4.74985286961833036e-02 3.11768948719253827e-02
7.23211407314641452e-02 7.49630743310132908e-02
0.00000000000000000e+00 0.00000000000000000e+00
0.00000000000000000e+00 0.00000000000000000e+00
-3.32784569117799300e-01 1.48534785555776844e-01
0.00000000000000000e+00 0.00000000000000000e+00
2.88739541579084782e-02 -1.99039194993290758e-01
-1.71814634109023145e-01 6.31522478858738412e-02
0.00000000000000000e+00 0.00000000000000000e+00
0.00000000000000000e+00 0.00000000000000000e+00
-7.08292381428295426e-02 -4.10074773660600161e-02
1.38130673103071394e-03 -1.17460475804103515e-01
0.00000000000000000e+00 0.00000000000000000e+00
-2.49705644286149081e-02 1.26138184752140586e-01
0.00000000000000000e+00 0.00000000000000000e+00
0.00000000000000000e+00 0.00000000000000000e+00
-1.63305169629194696e-01 1.83545682699485596e-01
-1.75111622139698608e-01 6.36666534582394084e-02
0.00000000000000000e+00 0.00000000000000000e+00
0.00000000000000000e+00 0.00000000000000000e+00
-2.99365040115021699e-02 -3.66161910187672301e-02
0.00000000000000000e+00 0.00000000000000000e+00
2.38230682778534264e-01 -5.63652174741082826e-02
-4.81160682042980625e-02 0.00000000000000000e+00
0.00000000000000000e+00 0.00000000000000000e+00
-9.00448409733483821e-03 2.11084034561832057e-01
0.00000000000000000e+00 0.00000000000000000e+00
0.00000000000000000e+00 0.00000000000000000e+00
-7.69383660131571501e-02 -2.59917216587457922e-01
0.00000000000000000e+00 0.00000000000000000e+00
-6.03531499427240881e-02 1.73814362453448612e-01
4.21497754507988015e-02 8.72157565182582195e-02
0.00000000000000000e+00 0.00000000000000000e+00
0.00000000000000000e+00 0.00000000000000000e+00
-2.25687963503644284e-01 1.07657378672427834e-01
2.37673543996684590e-02 3.22296038473400409e-02
0.00000000000000000e+00 0.00000000000000000e+00
-1.02099825307893438e-01 1.58230102128752881e-01
0.00000000000000000e+00 0.00000000000000000e+00
0.00000000000000000e+00 0.00000000000000000e+00
-5.12373543269037043e-03 -1.35426853574000028e-01
0.00000000000000000e+00 0.00000000000000000e+00
-3.57279543507506639e-02 6.76782674272128071e-02
-1.84395617768952358e-03 5.20406602915051558e-02
0.00000000000000000e+00 0.00000000000000000e+00
1.69336504835103541e-01 1.12743292818088439e-01
0.00000000000000000e+00 0.00000000000000000e+00
0.00000000000000000e+00 0.00000000000000000e+00
4.55624094041841843e-02 -2.68674863650848472e-01
3.11625901500209523e-01 -8.63112301426542800e-02
0.00000000000000000e+00 0.00000000000000000e+00
0.00000000000000000e+00 0.00000000000000000e+00
-8.89941702776028409e-02 -5.35336317417915708e-02
0.00000000000000000e+00 0.00000000000000000e+00
-1.82779512146997100e-02 1.55364569650900286e-01
-1.95983602795067713e-01 -6.50583520763951817e-02
0.00000000000000000e+00 0.00000000000000000e+00
0.00000000000000000e+00 0.00000000000000000e+00
0.00000000000000000e+00 0.00000000000000000e+00
0.00000000000000000e+00 0.00000000000000000e+00
4.45442918259092227e-02 8.32621050685045105e-02
0.00000000000000000e+00 0.00000000000000000e+00
-1.43627442841593907e-02 1.54033289696918707e-01
-9.15479664742043925e-02 2.21773926070773120e-01
0.00000000000000000e+00 0.00000000000000000e+00
0.00000000000000000e+00 0.00000000000000000e+00
7.23211407314641452e-02 7.49630743310132908e-02
1.73560511609465951e-01 -1.30947936957994462e-02
0.00000000000000000e+00 0.00000000000000000e+00
-1.07206872423827426e-01 1.98130395227944428e-01
0.00000000000000000e+00 0.00000000000000000e+00
0.00000000000000000e+00 0.00000000000000000e+00
-2.11776930712042843e-01 9.94058774025990965e-02
5.10423632420342541e-02 -7.19100305171915671e-02
0.00000000000000000e+00 0.00000000000000000e+00
0.00000000000000000e+00 0.00000000000000000e+00
4.06954831396087666e-02 6.35864220295581928e-02
0.00000000000000000e+00 0.00000000000000000e+00
1.18320619888464429e-01 5.84553124551292838e-02
3.02768796886145330e-02 6.70596983553533865e-02
0.00000000000000000e+00 0.00000000000000000e+00
0.00000000000000000e+00 0.00000000000000000e+00
-2.45780452416001216e-01 1.42591254351993851e-01
2.10805624465060404e-01 -2.17146778175664017e-02
0.00000000000000000e+00 0.00000000000000000e+00
-8.64920355013303888e-02 -1.92278599175721120e-02
0.00000000000000000e+00 0.00000000000000000e+00
0.00000000000000000e+00 0.00000000000000000e+00
1.94906441322082624e-01 0.00000000000000000e+00
0.00000000000000000e+00 0.00000000000000000e+00
-9.00448409733483821e-03 2.11084034561832057e-01
-7.75904437013626852e-02 -6.52635394975838723e-02
0.00000000000000000e+00 0.00000000000000000e+00
-2.81434593832409520e-02 -8.51367609493467181e-02
0.00000000000000000e+00 0.00000000000000000e+00
0.00000000000000000e+00 0.00000000000000000e+00
1.39030525968016933e-01 -1.34386741483950301e-01
1.67941159714959709e-01 8.01557075149074427e-02
0.00000000000000000e+00 0.00000000000000000e+00
0.00000000000000000e+00 0.00000000000000000e+00
-5.21564292346160044e-02 -1.35938269515404553e-01
0.00000000000000000e+00 0.00000000000000000e+00
-1.24490726046204980e-01 2.59728292590643395e-01
6.25193783490575472e-02 5.57746486018756357e-02
0.00000000000000000e+00 0.00000000000000000e+00
2.28268424563497496e-02 -3.15908106340191466e-02
0.00000000000000000e+00 0.00000000000000000e+00
0.00000000000000000e+00 0.00000000000000000e+00
-1.50512776483571503e-01 4.94958179067119947e-02
0.00000000000000000e+00 0.00000000000000000e+00
-1.84664892544757542e-01 2.49651983933293520e-01
-1.23915809914923597e-01 -1.39167967379260432e-01
0.00000000000000000e+00 0.00000000000000000e+00
0.00000000000000000e+00 0.00000000000000000e+00
-5.73186244747520141e-02 -5.24576151221109940e-02
1.31110989637481801e-01 -1.34214967732476376e-01
0.00000000000000000e+00 0.00000000000000000e+00
4.97715082938460576e-02 1.81723864434386151e-01
0.00000000000000000e+00 0.00000000000000000e+00
0.00000000000000000e+00 0.00000000000000000e+00
0.00000000000000000e+00 0.00000000000000000e+00
0.00000000000000000e+00 0.00000000000000000e+00
1.00369618958807954e-02 4.81425917339033602e-02
4.36090008476108619e-03 -6.91155777925547277e-02
0.00000000000000000e+00 0.00000000000000000e+00
1.52611720546545593e-01 1.00791666535583579e-01
0.00000000000000000e+00 0.00000000000000000e+00
0.00000000000000000e+00 0.00000000000000000e+00
-1.92180451322637058e-01 4.29522300725422718e-02
-2.10992423628266063e-01 1.34426518501515962e-01
0.00000000000000000e+00 0.00000000000000000e+00
0.00000000000000000e+00 0.00000000000000000e+00
-2.31445618612767967e-01 -3.61922649805522412e-01
0.00000000000000000e+00 0.00000000000000000e+00
4.46746873295709862e-02 -5.78435871211308988e-02
1.25448781201018711e-01 -8.63303805771583055e-02
0.00000000000000000e+00 0.00000000000000000e+00
0.00000000000000000e+00 0.00000000000000000e+00
2.46123235261705049e-02 3.17538517949359986e-02
-2.50968000910603631e-02 2.64614323475207136e-01
0.00000000000000000e+00 0.00000000000000000e+00
-8.51715404510367813e-02 1.06051301946760393e-01
0.00000000000000000e+00 0.00000000000000000e+00
0.00000000000000000e+00 0.00000000000000000e+00
-1.67941159714959709e-01 8.01557075149074427e-02
1.81529340113858566e-02 -1.33056451269464360e-01
0.00000000000000000e+00 0.00000000000000000e+00
0.00000000000000000e+00 0.00000000000000000e+00
-2.81434593832409520e-02 8.51367609493467181e-02
0.00000000000000000e+00 0.00000000000000000e+00
7.75904437013626852e-02 -6.52635394975838723e-02
-9.00448409733483821e-03 -2.11084034561832057e-01
0.00000000000000000e+00 0.00000000000000000e+00
1.86135866460139188e-01 0.00000000000000000e+00
0.00000000000000000e+00 0.00000000000000000e+00
0.00000000000000000e+00 0.00000000000000000e+00
3.96055415444023992e-03 1.74562215595894764e-02
0.00000000000000000e+00 0.00000000000000000e+00
2.10662569717611770e-02 -8.77097440936349115e-02
1.77927644101319893e-01 -5.64237394367658462e-02
0.00000000000000000e+00 0.00000000000000000e+00
0.00000000000000000e+00 0.00000000000000000e+00
3.72465963637219136e-02 -6.21913283235124431e-02
-8.27394090647710911e-03 8.14139270865391340e-02
0.00000000000000000e+00 0.00000000000000000e+00
-1.23083370513221851e-01 -1.23415913047664472e-01
0.00000000000000000e+00 0.00000000000000000e+00
0.00000000000000000e+00 0.00000000000000000e+00
5.10423632420342541e-02 7.19100305171915671e-02
0.00000000000000000e+00 0.00000000000000000e+00
-1.69366390168846553e-01 -1.33893504551062054e-01
-5.99108761742652915e-02 2.87780353384484378e-01
0.00000000000000000e+00 0.00000000000000000e+00
8.22511654075016863e-02 3.53290543228627005e-02
0.00000000000000000e+00 0.00000000000000000e+00
0.00000000000000000e+00 0.00000000000000000e+00
-1.23915809914923597e-01 -1.39167967379260432e-01
-2.97520529131298887e-02 -1.01502318799112506e-01
0.00000000000000000e+00 0.00000000000000000e+00
0.00000000000000000e+00 0.00000000000000000e+00
1.31110989637481801e-01 -1.34214967732476376e-01
0.00000000000000000e+00 0.00000000000000000e+00
4.97715082938460576e-02 1.81723864434386151e-01
0.00000000000000000e+00 0.00000000000000000e+00
0.00000000000000000e+00 0.00000000000000000e+00
1.95983602795067713e-01 6.50583520763951817e-02
0.00000000000000000e+00 0.00000000000000000e+00
0.00000000000000000e+00 0.00000000000000000e+00
-5.42231585646883382e-02 1.86750272469186906e-02
0.00000000000000000e+00 0.00000000000000000e+00
-1.83230598967208669e-04 1.12291542424790974e-01
1.28379254785360664e-01 2.35174213999183201e-01
0.00000000000000000e+00 0.00000000000000000e+00
0.00000000000000000e+00 0.00000000000000000e+00
-7.37013741293637281e-02 9.64895834647379325e-03
-2.98043641285614613e-01 1.45882915800204221e-02
0.00000000000000000e+00 0.00000000000000000e+00
1.19438655856880377e-02 1.67390451727493783e-02
0.00000000000000000e+00 0.00000000000000000e+00
0.00000000000000000e+00 0.00000000000000000e+00
1.25448781201018711e-01 -8.63303805771583055e-02
-1.59344711458077326e-01 1.58211139745454421e-01
0.00000000000000000e+00 0.00000000000000000e+00
0.00000000000000000e+00 0.00000000000000000e+00
-4.74877008293719122e-02 1.63116133013316622e-01
0.00000000000000000e+00 0.00000000000000000e+00
-9.24775681675234044e-03 -6.21165714159842217e-02
2.25687963503644284e-01 1.07657378672427834e-01
0.00000000000000000e+00 0.00000000000000000e+00
0.00000000000000000e+00 0.00000000000000000e+00
1.15033684528604019e-01 8.85460467327441880e-02
-6.03531499427240881e-02 -1.73814362453448612e-01
0.00000000000000000e+00 0.00000000000000000e+00
7.69383660131571501e-02 -2.59917216587457922e-01
0.00000000000000000e+00 0.00000000000000000e+00
0.00000000000000000e+00 0.00000000000000000e+00
-9.00448409733483821e-03 -2.11084034561832057e-01
0.00000000000000000e+00 0.00000000000000000e+00
6.31085496791348455e-02 0.00000000000000000e+00
-1.32979332853065291e-01 -7.31746995077957180e-02
0.00000000000000000e+00 0.00000000000000000e+00
-1.12320360712718281e-01 -2.83596254475184766e-02
0.00000000000000000e+00 0.00000000000000000e+00
0.00000000000000000e+00 0.00000000000000000e+00
1.07258813825017285e-01 -1.35348340330520289e-01
1.43924524573309787e-01 2.45633570034100995e-01
0.00000000000000000e+00 0.00000000000000000e+00
0.00000000000000000e+00 0.00000000000000000e+00
-1.51565125223556446e-01 1.37310547895278020e-02
0.00000000000000000e+00 0.00000000000000000e+00
-8.37691941046437849e-02 -3.04462810881326151e-01
-7.08292381428295426e-02 4.10074773660600161e-02
0.00000000000000000e+00 0.00000000000000000e+00
0.00000000000000000e+00 0.00000000000000000e+00
-3.06898313542641119e-02 9.83444245238825066e-03
1.74292597961224066e-02 -1.40433716842130796e-01
0.00000000000000000e+00 0.00000000000000000e+00
7.81889574819587818e-02 1.32393130991964925e-01
0.00000000000000000e+00 0.00000000000000000e+00
0.00000000000000000e+00 0.00000000000000000e+00
1.84664892544757542e-01 -2.49651983933293520e-01
-1.55208815641853848e-01 1.78009154575335740e-02
0.00000000000000000e+00 0.00000000000000000e+00
0.00000000000000000e+00 0.00000000000000000e+00
5.73186244747520141e-02 5.24576151221109940e-02
0.00000000000000000e+00 0.00000000000000000e+00
0.00000000000000000e+00 0.00000000000000000e+00
4.97715082938460576e-02 1.81723864434386151e-01
0.00000000000000000e+00 0.00000000000000000e+00
-1.82779512146997100e-02 1.55364569650900286e-01
0.00000000000000000e+00 0.00000000000000000e+00
0.00000000000000000e+00 0.00000000000000000e+00
-3.60368055458133163e-02 3.47350371783510387e-02
0.00000000000000000e+00 0.00000000000000000e+00
6.05771107578039897e-02 -3.92604987315969545e-02
-1.01721321016792696e-02 1.55182986944040202e-01
0.00000000000000000e+00 0.00000000000000000e+00
0.00000000000000000e+00 0.00000000000000000e+00
-2.33786520943186304e-01 -8.95053071819707363e-02
-2.28271193612870987e-01 -5.35058800815876451e-02
0.00000000000000000e+00 0.00000000000000000e+00
3.43700704785994404e-03 1.36941463190274254e-01
0.00000000000000000e+00 0.00000000000000000e+00
0.00000000000000000e+00 0.00000000000000000e+00
-4.46746873295709862e-02 5.78435871211308988e-02
-1.40703368722400052e-01 2.12713966373375696e-02
0.00000000000000000e+00 0.00000000000000000e+00
0.00000000000000000e+00 0.00000000000000000e+00
-6.59090397713299053e-02 -1.19222766967424482e-01
0.00000000000000000e+00 0.00000000000000000e+00
1.04269198181807216e-01 -1.42655195474803709e-01
1.16276950080013378e-02 5.19894025008655614e-02
0.00000000000000000e+00 0.00000000000000000e+00
0.00000000000000000e+00 0.00000000000000000e+00
-1.68000208616688851e-01 1.10307893204186172e-01
2.53671119223962092e-02 9.87451839098114903e-03
0.00000000000000000e+00 0.00000000000000000e+00
-2.61253779903721402e-02 1.86484566087566361e-01
0.00000000000000000e+00 0.00000000000000000e+00
0.00000000000000000e+00 0.00000000000000000e+00
-7.75904437013626852e-02 6.52635394975838723e-02
0.00000000000000000e+00 0.00000000000000000e+00
-1.32979332853065291e-01 7.31746995077957180e-02
1.22175853816450519e-01 0.00000000000000000e+00
0.00000000000000000e+00 0.00000000000000000e+00
-6.62102497442375454e-02 -4.42273870225678989e-03
0.00000000000000000e+00 0.00000000000000000e+00
0.00000000000000000e+00 0.00000000000000000e+00
1.55722447382291629e-01 1.40758284714422310e-01
-3.31870782431281486e-01 7.60396386386660572e-02
0.00000000000000000e+00 0.00000000000000000e+00
0.00000000000000000e+00 0.00000000000000000e+00
1.45089554077546062e-01 -1.27126065876435324e-01
0.00000000000000000e+00 0.00000000000000000e+00
1.64396727501746026e-01 1.41610344032098101e-01
4.07785333914096465e-03 -2.10979485193687533e-01
0.00000000000000000e+00 0.00000000000000000e+00
-1.61122077292360194e-01 -6.65257045501884275e-02
0.00000000000000000e+00 0.00000000000000000e+00
0.00000000000000000e+00 0.00000000000000000e+00
-1.74763972829073910e-01 -2.42736410759173682e-01
0.00000000000000000e+00 0.00000000000000000e+00
7.81889574819587818e-02 1.32393130991964925e-01
-8.22511654075016863e-02 -3.53290543228627005e-02
0.00000000000000000e+00 0.00000000000000000e+00
0.00000000000000000e+00 0.00000000000000000e+00
-1.55208815641853848e-01 1.78009154575335740e-02
2.97520529131298887e-02 1.01502318799112506e-01
0.00000000000000000e+00 0.00000000000000000e+00
0.00000000000000000e+00 0.00000000000000000e+00
0.00000000000000000e+00 0.00000000000000000e+00
0.00000000000000000e+00 0.00000000000000000e+00
4.97715082938460576e-02 1.81723864434386151e-01
0.00000000000000000e+00 0.00000000000000000e+00
7.77978509783265465e-02 1.70975882636267007e-01
-1.11277816986177933e-01 6.53165920679397438e-02
0.00000000000000000e+00 0.00000000000000000e+00
3.56443934449233099e-02 7.65827551058084199e-02
0.00000000000000000e+00 0.00000000000000000e+00
0.00000000000000000e+00 0.00000000000000000e+00
-1.62967083247192057e-01 1.66682862833247653e-01
7.28184888199352592e-02 4.31634494810912289e-02
0.00000000000000000e+00 0.00000000000000000e+00
0.00000000000000000e+00 0.00000000000000000e+00
-9.09801441139686390e-02 -1.78283440236629842e-01
0.00000000000000000e+00 0.00000000000000000e+00
3.43700704785994404e-03 1.36941463190274254e-01
-1.19438655856880377e-02 -1.67390451727493783e-02
0.00000000000000000e+00 0.00000000000000000e+00
0.00000000000000000e+00 0.00000000000000000e+00
-7.38466653167906828e-02 6.32165386963901427e-02
3.68301613400163486e-02 -1.98143958635441320e-01
0.00000000000000000e+00 0.00000000000000000e+00
4.99185847068782176e-02 -5.82010063199170091e-02
0.00000000000000000e+00 0.00000000000000000e+00
0.00000000000000000e+00 0.00000000000000000e+00
8.75514786422857683e-02 -1.16178470861879046e-01
3.24521951665183647e-03 -1.07365128232472157e-01
0.00000000000000000e+00 0.00000000000000000e+00
0.00000000000000000e+00 0.00000000000000000e+00
1.22247862439614358e-01 2.31477016393189683e-01
0.00000000000000000e+00 0.00000000000000000e+00
-2.61253779903721402e-02 1.86484566087566361e-01
-7.69383660131571501e-02 2.59917216587457922e-01
0.00000000000000000e+00 0.00000000000000000e+00
3.96055415444023992e-03 -1.74562215595894764e-02
0.00000000000000000e+00 0.00000000000000000e+00
0.00000000000000000e+00 0.00000000000000000e+00
-6.85219869323068637e-02 0.00000000000000000e+00
0.00000000000000000e+00 0.00000000000000000e+00
9.18520101012762213e-02 2.22133354452874465e-02
1.44892341999793839e-01 -2.58485494615175431e-03
0.00000000000000000e+00 0.00000000000000000e+00
0.00000000000000000e+00 0.00000000000000000e+00
-1.31362987810040993e-02 8.54242087167763064e-02
-2.25900791406791868e-01 -1.26088397358839921e-01
0.00000000000000000e+00 0.00000000000000000e+00
-3.21969863312325452e-02 -9.16409618012768851e-02
0.00000000000000000e+00 0.00000000000000000e+00
0.00000000000000000e+00 0.00000000000000000e+00
4.33920297477190173e-02 -3.92026383027349323e-01
0.00000000000000000e+00 0.00000000000000000e+00
3.00638198683769592e-02 3.81450646668729521e-02
1.42464386348474442e-01 1.36339207860544306e-03
0.00000000000000000e+00 0.00000000000000000e+00
1.71807845058514430e-01 2.65824128681514615e-01
0.00000000000000000e+00 0.00000000000000000e+00
0.00000000000000000e+00 0.00000000000000000e+00
-1.50512776483571503e-01 4.94958179067119947e-02
6.05756882249669920e-02 -5.20574669682931923e-02
0.00000000000000000e+00 0.00000000000000000e+00
0.00000000000000000e+00 0.00000000000000000e+00
0.00000000000000000e+00 0.00000000000000000e+00
0.00000000000000000e+00 0.00000000000000000e+00
5.73186244747520141e-02 5.24576151221109940e-02
-1.31110989637481801e-01 1.34214967732476376e-01
0.00000000000000000e+00 0.00000000000000000e+00
8.89941702776028409e-02 5.35336317417915708e-02
0.00000000000000000e+00 0.00000000000000000e+00
0.00000000000000000e+00 0.00000000000000000e+00
2.16533921929321749e-01 -1.04276471506837817e-01
0.00000000000000000e+00 0.00000000000000000e+00
7.48743756528069959e-02 -1.47095306245808743e-01
-7.26726116109888270e-02 -1.90472134776165924e-01
0.00000000000000000e+00 0.00000000000000000e+00
0.00000000000000000e+00 0.00000000000000000e+00
-2.41809291831810352e-01 -2.44558390498971989e-01
-1.34792611822146635e-01 7.91141501090901478e-02
0.00000000000000000e+00 0.00000000000000000e+00
1.05469227231863347e-01 8.83812008759283646e-02
0.00000000000000000e+00 0.00000000000000000e+00
0.00000000000000000e+00 0.00000000000000000e+00
-2.31445618612767967e-01 -3.61922649805522412e-01
-1.79225398009483505e-01 6.74638157593273058e-02
0.00000000000000000e+00 0.00000000000000000e+00
0.00000000000000000e+00 0.00000000000000000e+00
-6.19820462804870562e-02 2.15754111636665621e-02
0.00000000000000000e+00 0.00000000000000000e+00
1.65235511075822766e-01 9.20002115430219869e-02
-9.13382863625574436e-03 -1.82347501298333103e-01
0.00000000000000000e+00 0.00000000000000000e+00
0.00000000000000000e+00 0.00000000000000000e+00
-1.05297487289458341e-01 3.80458303759771480e-02
2.92693572807191278e-02 5.41620957451580121e-03
0.00000000000000000e+00 0.00000000000000000e+00
3.49355975397884211e-02 -2.30146726178703742e-01
0.00000000000000000e+00 0.00000000000000000e+00
0.00000000000000000e+00 0.00000000000000000e+00
-2.81434593832409520e-02 8.51367609493467181e-02
0.00000000000000000e+00 0.00000000000000000e+00
-1.12320360712718281e-01 2.83596254475184766e-02
-6.62102497442375454e-02 4.42273870225678989e-03
0.00000000000000000e+00 0.00000000000000000e+00
8.12814587909296560e-02 0.00000000000000000e+00
0.00000000000000000e+00 0.00000000000000000e+00
0.00000000000000000e+00 0.00000000000000000e+00
-5.79647036675891847e-02 -7.21298951224088741e-02
3.24327492218817348e-01 -7.10402022835435881e-03
0.00000000000000000e+00 0.00000000000000000e+00
0.00000000000000000e+00 0.00000000000000000e+00
3.99099645487214993e-01 -1.08196814409324313e-01
0.00000000000000000e+00 0.00000000000000000e+00
-3.57037347135122363e-02 2.25085317748405872e-01
-6.21451742844890409e-03 -2.32346081220624091e-03
0.00000000000000000e+00 0.00000000000000000e+00
-1.97877336549239918e-02 -5.14656096115444980e-02
0.00000000000000000e+00 0.00000000000000000e+00
0.00000000000000000e+00 0.00000000000000000e+00
1.42464386348474442e-01 1.36339207860544306e-03
0.00000000000000000e+00 0.00000000000000000e+00
-2.03853875666818868e-02 1.63521434764471729e-01
-5.99108761742652915e-02 2.87780353384484378e-01
0.00000000000000000e+00 0.00000000000000000e+00
0.00000000000000000e+00 0.00000000000000000e+00
6.05756882249669920e-02 -5.20574669682931923e-02
0.00000000000000000e+00 0.00000000000000000e+00
0.00000000000000000e+00 0.00000000000000000e+00
2.97520529131298887e-02 1.01502318799112506e-01
0.00000000000000000e+00 0.00000000000000000e+00
0.00000000000000000e+00 0.00000000000000000e+00
-1.31110989637481801e-01 1.34214967732476376e-01
0.00000000000000000e+00 0.00000000000000000e+00
3.00606075165511175e-02 -2.99438231084016432e-02
-1.33757886615045729e-01 8.64275938431413038e-02
0.00000000000000000e+00 0.00000000000000000e+00
-1.70657991416668237e-01 1.02335853261700513e-01
0.00000000000000000e+00 0.00000000000000000e+00
0.00000000000000000e+00 0.00000000000000000e+00
-1.40885529615393853e-02 -2.78262739815639260e-01
1.61198560091853627e-02 -4.30186330275407411e-02
0.00000000000000000e+00 0.00000000000000000e+00
0.00000000000000000e+00 0.00000000000000000e+00
-1.34792611822146635e-01 7.91141501090901478e-02
0.00000000000000000e+00 0.00000000000000000e+00
2.42760276730765640e-01 -3.63963592791138046e-02
-2.98043641285614613e-01 1.45882915800204221e-02
0.00000000000000000e+00 0.00000000000000000e+00
0.00000000000000000e+00 0.00000000000000000e+00
-1.01257571325144069e-01 9.69849042810600886e-02
-5.34732970944262614e-02 -3.17062795634319439e-01
0.00000000000000000e+00 0.00000000000000000e+00
1.60693218475837368e-01 -2.42082950557978918e-02
0.00000000000000000e+00 0.00000000000000000e+00
0.00000000000000000e+00 0.00000000000000000e+00
1.32570721020558117e-02 -8.08493108364426311e-02
9.09839143518161864e-02 -7.55653548090485794e-02
0.00000000000000000e+00 0.00000000000000000e+00
0.00000000000000000e+00 0.00000000000000000e+00
2.92693572807191278e-02 5.41620957451580121e-03
0.00000000000000000e+00 0.00000000000000000e+00
1.31816348057006594e-01 -8.54422817649518052e-03
-6.03531499427240881e-02 -1.73814362453448612e-01
0.00000000000000000e+00 0.00000000000000000e+00
2.10662569717611770e-02 8.77097440936349115e-02
0.00000000000000000e+00 0.00000000000000000e+00
0.00000000000000000e+00 0.00000000000000000e+00
9.18520101012762213e-02 -2.22133354452874465e-02
0.00000000000000000e+00 0.00000000000000000e+00
-1.07605974432675555e-01 0.00000000000000000e+00
-6.79163792924770693e-02 2.00617201792918677e-02
0.00000000000000000e+00 0.00000000000000000e+00
0.00000000000000000e+00 0.00000000000000000e+00
2.09186014628917061e-01 6.51220356005820233e-02
1.58686291822641629e-01 1.32148465869382753e-01
0.00000000000000000e+00 0.00000000000000000e+00
2.14211150953386442e-01 -1.39523544685824813e-01
0.00000000000000000e+00 0.00000000000000000e+00
0.00000000000000000e+00 0.00000000000000000e+00
1.37076666888630433e-01 6.53594114848050911e-02
5.34925314079479075e-03 -1.02281164887247450e-01
0.00000000000000000e+00 0.00000000000000000e+00
0.00000000000000000e+00 0.00000000000000000e+00
-3.00638198683769592e-02 -3.81450646668729521e-02
0.00000000000000000e+00 0.00000000000000000e+00
-3.06898313542641119e-02 9.83444245238825066e-03
1.66410262398287073e-01 1.56981222473402959e-01
0.00000000000000000e+00 0.00000000000000000e+00
0.00000000000000000e+00 0.00000000000000000e+00
0.00000000000000000e+00 0.00000000000000000e+00
6.05756882249669920e-02 -5.20574669682931923e-02
0.00000000000000000e+00 0.00000000000000000e+00
1.55208815641853848e-01 -1.78009154575335740e-02
0.00000000000000000e+00 0.00000000000000000e+00
0.00000000000000000e+00 0.00000000000000000e+00
-5.73186244747520141e-02 -5.24576151221109940e-02
0.00000000000000000e+00 0.00000000000000000e+00
4.31117762271848587e-02 1.06601970155445799e-01
1.26937565474730812e-01 -1.73808566170582518e-02
0.00000000000000000e+00 0.00000000000000000e+00
2.58956224771352342e-02 -3.40898422290157044e-02
0.00000000000000000e+00 0.00000000000000000e+00
0.00000000000000000e+00 0.00000000000000000e+00
-4.88745320028744698e-02 6.42176773335543516e-02
-3.83040892563538266e-02 9.35257697965386492e-02
0.00000000000000000e+00 0.00000000000000000e+00
0.00000000000000000e+00 0.00000000000000000e+00
2.41809291831810352e-01 2.44558390498971989e-01
0.00000000000000000e+00 0.00000000000000000e+00
-2.33786520943186304e-01 -8.95053071819707363e-02
8.81904572472584219e-02 -9.95511977071752846e-02
0.00000000000000000e+00 0.00000000000000000e+00
0.00000000000000000e+00 0.00000000000000000e+00
-5.79749191608534484e-02 -7.76562985611172762e-02
3.68138212314401579e-04 1.71875717028752484e-01
0.00000000000000000e+00 0.00000000000000000e+00
1.09285105164446006e-01 6.67711314550694518e-03
0.00000000000000000e+00 0.00000000000000000e+00
0.00000000000000000e+00 0.00000000000000000e+00
-1.23938794830663349e-01 -4.53129637053348994e-03
8.47730668155291175e-03 2.10444490492051953e-02
0.00000000000000000e+00 0.00000000000000000e+00
0.00000000000000000e+00 0.00000000000000000e+00
1.05297487289458341e-01 -3.80458303759771480e-02
0.00000000000000000e+00 0.00000000000000000e+00
-1.68000208616688851e-01 1.10307893204186172e-01
4.21497754507988015e-02 -8.72157565182582195e-02
0.00000000000000000e+00 0.00000000000000000e+00
1.77927644101319893e-01 5.64237394367658462e-02
0.00000000000000000e+00 0.00000000000000000e+00
0.00000000000000000e+00 0.00000000000000000e+00
1.44892341999793839e-01 2.58485494615175431e-03
0.00000000000000000e+00 0.00000000000000000e+00
-6.79163792924770693e-02 -2.00617201792918677e-02
-3.77184001453886447e-02 0.00000000000000000e+00
0.00000000000000000e+00 0.00000000000000000e+00
0.00000000000000000e+00 0.00000000000000000e+00
1.00367804475557515e-01 4.51723268386097498e-02
1.13202678343149898e-01 1.14248037081448761e-01
0.00000000000000000e+00 0.00000000000000000e+00
1.24243304952732031e-01 1.62515846909211281e-01
0.00000000000000000e+00 0.00000000000000000e+00
0.00000000000000000e+00 0.00000000000000000e+00
-1.46632415727755760e-01 -3.57679235484581193e-02
0.00000000000000000e+00 0.00000000000000000e+00
5.34925314079479075e-03 -1.02281164887247450e-01
1.97877336549239918e-02 5.14656096115444980e-02
0.00000000000000000e+00 0.00000000000000000e+00
-1.61122077292360194e-01 -6.65257045501884275e-02
0.00000000000000000e+00 0.00000000000000000e+00
0.00000000000000000e+00 0.00000000000000000e+00
-2.57829702269092298e-02 5.46785285563600801e-02
0.00000000000000000e+00 0.00000000000000000e+00
0.00000000000000000e+00 0.00000000000000000e+00
0.00000000000000000e+00 0.00000000000000000e+00
6.05756882249669920e-02 -5.20574669682931923e-02
0.00000000000000000e+00 0.00000000000000000e+00
1.55208815641853848e-01 -1.78009154575335740e-02
-2.97520529131298887e-02 -1.01502318799112506e-01
0.00000000000000000e+00 0.00000000000000000e+00
3.11625901500209523e-01 -8.63112301426542800e-02
0.00000000000000000e+00 0.00000000000000000e+00
0.00000000000000000e+00 0.00000000000000000e+00
6.80040027136790959e-02 -1.00858311467251466e-01
0.00000000000000000e+00 0.00000000000000000e+00
-7.01801797158910362e-02 -4.97011552143824115e-02
8.59522056077784424e-02 -2.32710797406035452e-01
0.00000000000000000e+00 0.00000000000000000e+00
0.00000000000000000e+00 0.00000000000000000e+00
-3.83040892563538266e-02 9.35257697965386492e-02
-1.61198560091853627e-02 4.30186330275407411e-02
0.00000000000000000e+00 0.00000000000000000e+00
7.28184888199352592e-02 4.31634494810912289e-02
0.00000000000000000e+00 0.00000000000000000e+00
0.00000000000000000e+00 0.00000000000000000e+00
2.25481506746160770e-01 -2.24328757862217454e-01
7.24941266007049778e-02 3.68639830478650274e-02
0.00000000000000000e+00 0.00000000000000000e+00
0.00000000000000000e+00 0.00000000000000000e+00
7.83359648966538424e-02 2.01396805550485281e-01
0.00000000000000000e+00 0.00000000000000000e+00
4.24284017588366161e-02 -3.52680289135456349e-02
-3.81786683577764185e-02 6.41411139457847834e-02
0.00000000000000000e+00 0.00000000000000000e+00
0.00000000000000000e+00 0.00000000000000000e+00
8.47730668155291175e-03 2.10444490492051953e-02
-9.09839143518161864e-02 7.55653548090485794e-02
0.00000000000000000e+00 0.00000000000000000e+00
3.24521951665183647e-03 -1.07365128232472157e-01
0.00000000000000000e+00 0.00000000000000000e+00
0.00000000000000000e+00 0.00000000000000000e+00
1.39030525968016933e-01 1.34386741483950301e-01
0.00000000000000000e+00 0.00000000000000000e+00
1.07258813825017285e-01 1.35348340330520289e-01
1.55722447382291629e-01 -1.40758284714422310e-01
0.00000000000000000e+00 0.00000000000000000e+00
-5.79647036675891847e-02 7.21298951224088741e-02
0.00000000000000000e+00 0.00000000000000000e+00
0.00000000000000000e+00 0.00000000000000000e+00
-2.94276357336746897e-01 0.00000000000000000e+00
-5.40991880269660122e-02 -9.48541277710201192e-02
0.00000000000000000e+00 0.00000000000000000e+00
0.00000000000000000e+00 0.00000000000000000e+00
-1.93879924675039589e-03 1.86474092910385192e-01
0.00000000000000000e+00 0.00000000000000000e+00
-1.94491178697545342e-01 1.53131276831101032e-01
-1.32234884119904361e-01 1.99783720105637073e-02
0.00000000000000000e+00 0.00000000000000000e+00
0.00000000000000000e+00 0.00000000000000000e+00
-1.62680352455033594e-01 -9.79496038673750846e-03
5.04064595309109270e-02 1.15390149453343721e-01
0.00000000000000000e+00 0.00000000000000000e+00
-2.71815670847028790e-01 -1.82575774526031159e-01
0.00000000000000000e+00 0.00000000000000000e+00
0.00000000000000000e+00 0.00000000000000000e+00
0.00000000000000000e+00 0.00000000000000000e+00
2.57829702269092298e-02 -5.46785285563600801e-02
0.00000000000000000e+00 0.00000000000000000e+00
0.00000000000000000e+00 0.00000000000000000e+00
-1.50512776483571503e-01 4.94958179067119947e-02
0.00000000000000000e+00 0.00000000000000000e+00
-1.84664892544757542e-01 2.49651983933293520e-01
-1.23915809914923597e-01 -1.39167967379260432e-01
0.00000000000000000e+00 0.00000000000000000e+00
4.55624094041841843e-02 -2.68674863650848472e-01
0.00000000000000000e+00 0.00000000000000000e+00
0.00000000000000000e+00 0.00000000000000000e+00
-6.38574808536593180e-02 1.27290392947851994e-01
0.00000000000000000e+00 0.00000000000000000e+00
2.01068247600704936e-01 1.11496081098786531e-02
2.30317570670068611e-01 -6.92772510641445349e-02
0.00000000000000000e+00 0.00000000000000000e+00
0.00000000000000000e+00 0.00000000000000000e+00
-1.38583510976158064e-01 -8.95513753255300637e-02
-1.55849654651623627e-03 2.35028998339958550e-01
0.00000000000000000e+00 0.00000000000000000e+00
-2.89421251544152713e-01 8.22201119526902169e-02
0.00000000000000000e+00 0.00000000000000000e+00
0.00000000000000000e+00 0.00000000000000000e+00
1.92180451322637058e-01 -4.29522300725422718e-02
-1.08388510556302137e-01 -1.45574521877104845e-01
0.00000000000000000e+00 0.00000000000000000e+00
0.00000000000000000e+00 0.00000000000000000e+00
-8.86486532209833020e-03 1.80364437783862436e-02
0.00000000000000000e+00 0.00000000000000000e+00
2.73974178885739716e-01 1.59000529758729442e-01
-8.60799350321485440e-02 1.97473547001007360e-01
0.00000000000000000e+00 0.00000000000000000e+00
0.00000000000000000e+00 0.00000000000000000e+00
-8.60317400077763167e-02 -9.20597967673451312e-02
1.36330454035209520e-01 7.59632799518788898e-02
0.00000000000000000e+00 0.00000000000000000e+00
1.20566589858706594e-01 -8.62915032932348725e-02
0.00000000000000000e+00 0.00000000000000000e+00
0.00000000000000000e+00 0.00000000000000000e+00
1.67941159714959709e-01 -8.01557075149074427e-02
0.00000000000000000e+00 0.00000000000000000e+00
1.43924524573309787e-01 -2.45633570034100995e-01
-3.31870782431281486e-01 -7.60396386386660572e-02
0.00000000000000000e+00 0.00000000000000000e+00
3.24327492218817348e-01 7.10402022835435881e-03
0.00000000000000000e+00 0.00000000000000000e+00
0.00000000000000000e+00 0.00000000000000000e+00
-5.40991880269660122e-02 9.48541277710201192e-02
-9.30594432414317552e-02 0.00000000000000000e+00
0.00000000000000000e+00 0.00000000000000000e+00
0.00000000000000000e+00 0.00000000000000000e+00
-1.03728779614693650e-01 1.34186894086088387e-01
0.00000000000000000e+00 0.00000000000000000e+00
4.06063483267169387e-02 -2.05956423649674453e-01
-4.85466677065551841e-02 -1.17187361278360908e-01
0.00000000000000000e+00 0.00000000000000000e+00
-1.25993670392648138e-01 8.79278599312043607e-02
0.00000000000000000e+00 0.00000000000000000e+00
0.00000000000000000e+00 0.00000000000000000e+00
5.04064595309109270e-02 1.15390149453343721e-01
0.00000000000000000e+00 0.00000000000000000e+00
-2.71815670847028790e-01 -1.82575774526031159e-01
0.00000000000000000e+00 0.00000000000000000e+00
0.00000000000000000e+00 0.00000000000000000e+00
0.00000000000000000e+00 0.00000000000000000e+00
-1.66410262398287073e-01 -1.56981222473402959e-01
-5.99108761742652915e-02 2.87780353384484378e-01
0.00000000000000000e+00 0.00000000000000000e+00
8.22511654075016863e-02 3.53290543228627005e-02
0.00000000000000000e+00 0.00000000000000000e+00
0.00000000000000000e+00 0.00000000000000000e+00
-1.23915809914923597e-01 -1.39167967379260432e-01
0.00000000000000000e+00 0.00000000000000000e+00
-2.04694477417766502e-01 -1.00778528513449525e-01
-1.40076424728594273e-01 1.00815041645910361e-01
0.00000000000000000e+00 0.00000000000000000e+00
-1.33617861316680298e-01 1.58875609933474160e-01
0.00000000000000000e+00 0.00000000000000000e+00
0.00000000000000000e+00 0.00000000000000000e+00
2.30317570670068611e-01 -6.92772510641445349e-02
1.23148839655500570e-02 -5.93976544466212272e-02
0.00000000000000000e+00 0.00000000000000000e+00
0.00000000000000000e+00 0.00000000000000000e+00
5.70255621029331985e-02 1.47238393300485160e-01
0.00000000000000000e+00 0.00000000000000000e+00
-1.36626300398639905e-01 7.07202360634827942e-02
-1.28379254785360664e-01 -2.35174213999183201e-01
0.00000000000000000e+00 0.00000000000000000e+00
0.00000000000000000e+00 0.00000000000000000e+00
-6.34166215106001657e-02 -9.02317788729907616e-02
1.85206315660702336e-01 -6.91923931821522842e-02
0.00000000000000000e+00 0.00000000000000000e+00
-2.02744068428461141e-02 7.69017819142991665e-02
0.00000000000000000e+00 0.00000000000000000e+00
0.00000000000000000e+00 0.00000000000000000e+00
-8.60799350321485440e-02 1.97473547001007360e-01
1.16042307667610506e-01 4.13568277743303694e-02
0.00000000000000000e+00 0.00000000000000000e+00
0.00000000000000000e+00 0.00000000000000000e+00
1.58721354773521089e-01 1.77461470413769362e-01
0.00000000000000000e+00 0.00000000000000000e+00
4.46428062244221338e-02 8.18763700695097352e-02
-2.25687963503644284e-01 -1.07657378672427834e-01
0.00000000000000000e+00 0.00000000000000000e+00
3.72465963637219136e-02 6.21913283235124431e-02
0.00000000000000000e+00 0.00000000000000000e+00
0.00000000000000000e+00 0.00000000000000000e+00
-1.31362987810040993e-02 -8.54242087167763064e-02
0.00000000000000000e+00 0.00000000000000000e+00
2.09186014628917061e-01 -6.51220356005820233e-02
1.00367804475557515e-01 -4.51723268386097498e-02
0.00000000000000000e+00 0.00000000000000000e+00
0.00000000000000000e+00 0.00000000000000000e+00
5.73655714423078888e-02 0.00000000000000000e+00
1.07782195303150807e-01 -1.28697653241638371e-01
0.00000000000000000e+00 0.00000000000000000e+00
-1.30182413362003147e-01 -3.38347255066108396e-02
0.00000000000000000e+00 0.00000000000000000e+00
0.00000000000000000e+00 0.00000000000000000e+00
-1.19215497982857799e-01 -1.96111962172115323e-01
-2.23808080046936031e-01 1.69677244438601466e-02
0.00000000000000000e+00 0.00000000000000000e+00
0.00000000000000000e+00 0.00000000000000000e+00
1.62680352455033594e-01 9.79496038673750846e-03
0.00000000000000000e+00 0.00000000000000000e+00
0.00000000000000000e+00 0.00000000000000000e+00
-2.71815670847028790e-01 -1.82575774526031159e-01
0.00000000000000000e+00 0.00000000000000000e+00
0.00000000000000000e+00 0.00000000000000000e+00
-3.06898313542641119e-02 9.83444245238825066e-03
2.03853875666818868e-02 -1.63521434764471729e-01
0.00000000000000000e+00 0.00000000000000000e+00
7.81889574819587818e-02 1.32393130991964925e-01
0.00000000000000000e+00 0.00000000000000000e+00
0.00000000000000000e+00 0.00000000000000000e+00
1.84664892544757542e-01 -2.49651983933293520e-01
0.00000000000000000e+00 0.00000000000000000e+00
1.45137365264140089e-02 1.24778673911036600e-01
2.65230891759729970e-01 -2.40364483384577610e-01
0.00000000000000000e+00 0.00000000000000000e+00
4.00891190075908649e-02 1.34082932883794997e-01
0.00000000000000000e+00 0.00000000000000000e+00
0.00000000000000000e+00 0.00000000000000000e+00
-2.01068247600704936e-01 -1.11496081098786531e-02
1.95220675765146207e-01 -8.57347347959655504e-03
0.00000000000000000e+00 0.00000000000000000e+00
0.00000000000000000e+00 0.00000000000000000e+00
1.64583354626090528e-01 6.67374641327564931e-03
0.00000000000000000e+00 0.00000000000000000e+00
-6.05771107578039897e-02 3.92604987315969545e-02
-1.26637398895927872e-01 2.78287915442335526e-02
0.00000000000000000e+00 0.00000000000000000e+00
0.00000000000000000e+00 0.00000000000000000e+00
4.45469794164949362e-02 5.55127932383480613e-02
-1.59399668043457676e-01 4.95542040891325253e-02
0.00000000000000000e+00 0.00000000000000000e+00
-2.82273539296698968e-02 -1.87248726593750997e-02
0.00000000000000000e+00 0.00000000000000000e+00
0.00000000000000000e+00 0.00000000000000000e+00
-2.73974178885739716e-01 -1.59000529758729442e-01
-5.94454931068513701e-02 -1.40325272123239086e-01
0.00000000000000000e+00 0.00000000000000000e+00
0.00000000000000000e+00 0.00000000000000000e+00
1.27328456252935707e-01 1.79528711939833607e-01
0.00000000000000000e+00 0.00000000000000000e+00
-1.04269198181807216e-01 1.42655195474803709e-01
2.37673543996684590e-02 -3.22296038473400409e-02
0.00000000000000000e+00 0.00000000000000000e+00
-8.27394090647710911e-03 -8.14139270865391340e-02
0.00000000000000000e+00 0.00000000000000000e+00
0.00000000000000000e+00 0.00000000000000000e+00
-2.25900791406791868e-01 1.26088397358839921e-01
0.00000000000000000e+00 0.00000000000000000e+00
1.58686291822641629e-01 -1.32148465869382753e-01
1.13202678343149898e-01 -1.14248037081448761e-01
0.00000000000000000e+00 0.00000000000000000e+00
0.00000000000000000e+00 0.00000000000000000e+00
1.07782195303150807e-01 1.28697653241638371e-01
4.12187943451706451e-02 0.00000000000000000e+00
0.00000000000000000e+00 0.00000000000000000e+00
-2.59157357629983376e-01 9.84164665961848178e-02
0.00000000000000000e+00 0.00000000000000000e+00
0.00000000000000000e+00 0.00000000000000000e+00
1.36182356027335860e-01 2.59004964270461879e-01
0.00000000000000000e+00 0.00000000000000000e+00
-2.23808080046936031e-01 1.69677244438601466e-02
1.25993670392648138e-01 -8.79278599312043607e-02
0.00000000000000000e+00 0.00000000000000000e+00
0.00000000000000000e+00 0.00000000000000000e+00
0.00000000000000000e+00 0.00000000000000000e+00
0.00000000000000000e+00 0.00000000000000000e+00
-2.71815670847028790e-01 -1.82575774526031159e-01
-1.61122077292360194e-01 -6.65257045501884275e-02
0.00000000000000000e+00 0.00000000000000000e+00
0.00000000000000000e+00 0.00000000000000000e+00
-1.71807845058514430e-01 -2.65824128681514615e-01
0.00000000000000000e+00 0.00000000000000000e+00
7.81889574819587818e-02 1.32393130991964925e-01
-8.22511654075016863e-02 -3.53290543228627005e-02
0.00000000000000000e+00 0.00000000000000000e+00
-1.69336504835103541e-01 -1.12743292818088439e-01
0.00000000000000000e+00 0.00000000000000000e+00
0.00000000000000000e+00 0.00000000000000000e+00
1.49740049377792388e-02 -7.24681482471786903e-02
0.00000000000000000e+00 0.00000000000000000e+00
4.00891190075908649e-02 1.34082932883794997e-01
1.33617861316680298e-01 -1.58875609933474160e-01
0.00000000000000000e+00 0.00000000000000000e+00
0.00000000000000000e+00 0.00000000000000000e+00
9.91448735721199015e-02 -2.41847864649632482e-02
-9.70206697744398078e-02 -7.09772896977136913e-02
0.00000000000000000e+00 0.00000000000000000e+00
-3.56443934449233099e-02 -7.65827551058084199e-02
0.00000000000000000e+00 0.00000000000000000e+00
0.00000000000000000e+00 0.00000000000000000e+00
2.61575522495849332e-02 1.63289156550261161e-02
5.40349979888504750e-02 2.63783656675282280e-02
0.00000000000000000e+00 0.00000000000000000e+00
0.00000000000000000e+00 0.00000000000000000e+00
-1.14427778997755719e-01 1.04896947093246623e-01
0.00000000000000000e+00 0.00000000000000000e+00
-2.82273539296698968e-02 -1.87248726593750997e-02
2.02744068428461141e-02 -7.69017819142991665e-02
0.00000000000000000e+00 0.00000000000000000e+00
0.00000000000000000e+00 0.00000000000000000e+00
-1.26302196512460746e-01 -1.82270414182291673e-01
6.47224245045044735e-03 -1.42400888434348477e-03
0.00000000000000000e+00 0.00000000000000000e+00
-4.99185847068782176e-02 5.82010063199170091e-02
0.00000000000000000e+00 0.00000000000000000e+00
0.00000000000000000e+00 0.00000000000000000e+00
-5.21564292346160044e-02 1.35938269515404553e-01
0.00000000000000000e+00 0.00000000000000000e+00
-1.51565125223556446e-01 -1.37310547895278020e-02
1.45089554077546062e-01 1.27126065876435324e-01
0.00000000000000000e+00 0.00000000000000000e+00
3.99099645487214993e-01 1.08196814409324313e-01
0.00000000000000000e+00 0.00000000000000000e+00
0.00000000000000000e+00 0.00000000000000000e+00
-1.93879924675039589e-03 -1.86474092910385192e-01
-1.03728779614693650e-01 -1.34186894086088387e-01
0.00000000000000000e+00 0.00000000000000000e+00
0.00000000000000000e+00 0.00000000000000000e+00
1.23973285061157248e-01 0.00000000000000000e+00
0.00000000000000000e+00 0.00000000000000000e+00
-1.01095097784469595e-01 1.25052540743729040e-01
1.62754394649078704e-01 2.89024511294060874e-03
0.00000000000000000e+00 0.00000000000000000e+00
1.17277414276190373e-01 -3.94804195675235725e-03
0.00000000000000000e+00 0.00000000000000000e+00
0.00000000000000000e+00 0.00000000000000000e+00
0.00000000000000000e+00 0.00000000000000000e+00
0.00000000000000000e+00 0.00000000000000000e+00
1.62680352455033594e-01 9.79496038673750846e-03
-5.04064595309109270e-02 -1.15390149453343721e-01
0.00000000000000000e+00 0.00000000000000000e+00
0.00000000000000000e+00 0.00000000000000000e+00
3.00638198683769592e-02 3.81450646668729521e-02
1.42464386348474442e-01 1.36339207860544306e-03
0.00000000000000000e+00 0.00000000000000000e+00
1.74763972829073910e-01 2.42736410759173682e-01
0.00000000000000000e+00 0.00000000000000000e+00
0.00000000000000000e+00 0.00000000000000000e+00
-1.50512776483571503e-01 4.94958179067119947e-02
0.00000000000000000e+00 0.00000000000000000e+00
2.59706827388587330e-02 -2.54642089339244815e-01
1.31478124059107887e-01 1.69473522860932840e-01
0.00000000000000000e+00 0.00000000000000000e+00
-8.70196002377118943e-02 -7.10069979371052984e-02
0.00000000000000000e+00 0.00000000000000000e+00
0.00000000000000000e+00 0.00000000000000000e+00
-6.38574808536593180e-02 1.27290392947851994e-01
2.40136689411756740e-02 -1.66204399226276556e-02
0.00000000000000000e+00 0.00000000000000000e+00
0.00000000000000000e+00 0.00000000000000000e+00
-2.16533921929321749e-01 1.04276471506837817e-01
0.00000000000000000e+00 0.00000000000000000e+00
5.36721734274702711e-02 1.88504089837435440e-01
6.98702080727439667e-02 2.45587142287620463e-02
0.00000000000000000e+00 0.00000000000000000e+00
0.00000000000000000e+00 0.00000000000000000e+00
3.41565834819525030e-02 -1.28125567140861762e-01
6.86657680076158388e-04 -2.43505259897222992e-01
0.00000000000000000e+00 0.00000000000000000e+00
2.37658488743179575e-02 1.15493505593332671e-01
0.00000000000000000e+00 0.00000000000000000e+00
0.00000000000000000e+00 0.00000000000000000e+00
-8.86486532209833020e-03 1.80364437783862436e-02
1.65904454650583344e-01 5.14906223645583555e-02
0.00000000000000000e+00 0.00000000000000000e+00
0.00000000000000000e+00 0.00000000000000000e+00
6.19820462804870562e-02 -2.15754111636665621e-02
0.00000000000000000e+00 0.00000000000000000e+00
-1.03816094594216937e-01 -3.16942665706128543e-02
-1.02099825307893438e-01 -1.58230102128752881e-01
0.00000000000000000e+00 0.00000000000000000e+00
-1.23083370513221851e-01 1.23415913047664472e-01
0.00000000000000000e+00 0.00000000000000000e+00
0.00000000000000000e+00 0.00000000000000000e+00
-3.21969863312325452e-02 9.16409618012768851e-02
0.00000000000000000e+00 0.00000000000000000e+00
2.14211150953386442e-01 1.39523544685824813e-01
1.24243304952732031e-01 -1.62515846909211281e-01
0.00000000000000000e+00 0.00000000000000000e+00
0.00000000000000000e+00 0.00000000000000000e+00
-1.30182413362003147e-01 3.38347255066108396e-02
-2.59157357629983376e-01 -9.84164665961848178e-02
0.00000000000000000e+00 0.00000000000000000e+00
-9.25658889880109914e-02 0.00000000000000000e+00
0.00000000000000000e+00 0.00000000000000000e+00
0.00000000000000000e+00 0.00000000000000000e+00
-1.65654037436723051e-01 4.46007774040900612e-02
0.00000000000000000e+00 0.00000000000000000e+00
1.17277414276190373e-01 -3.94804195675235725e-03
0.00000000000000000e+00 0.00000000000000000e+00
0.00000000000000000e+00 0.00000000000000000e+00
1.25993670392648138e-01 -8.79278599312043607e-02
0.00000000000000000e+00 0.00000000000000000e+00
0.00000000000000000e+00 0.00000000000000000e+00
-5.04064595309109270e-02 -1.15390149453343721e-01
-1.97877336549239918e-02 -5.14656096115444980e-02
0.00000000000000000e+00 0.00000000000000000e+00
0.00000000000000000e+00 0.00000000000000000e+00
1.42464386348474442e-01 1.36339207860544306e-03
0.00000000000000000e+00 0.00000000000000000e+00
-1.74292597961224066e-02 1.40433716842130796e-01
-5.99108761742652915e-02 2.87780353384484378e-01
0.00000000000000000e+00 0.00000000000000000e+00
-1.84395617768952358e-03 5.20406602915051558e-02
0.00000000000000000e+00 0.00000000000000000e+00
0.00000000000000000e+00 0.00000000000000000e+00
1.31478124059107887e-01 1.69473522860932840e-01
0.00000000000000000e+00 0.00000000000000000e+00
-3.37276487059662622e-01 9.68893372002936210e-02
-1.40076424728594273e-01 1.00815041645910361e-01
0.00000000000000000e+00 0.00000000000000000e+00
0.00000000000000000e+00 0.00000000000000000e+00
8.29472317022273836e-02 6.68570149275655584e-02
1.33757886615045729e-01 -8.64275938431413038e-02
0.00000000000000000e+00 0.00000000000000000e+00
-3.76404953439495593e-02 -1.07996550891474460e-01
0.00000000000000000e+00 0.00000000000000000e+00
0.00000000000000000e+00 0.00000000000000000e+00
1.12861494232945250e-02 1.12349319268235451e-01
2.31179383840679695e-02 3.31002042520952555e-02
0.00000000000000000e+00 0.00000000000000000e+00
0.00000000000000000e+00 0.00000000000000000e+00
6.86657680076158388e-04 -2.43505259897222992e-01
0.00000000000000000e+00 0.00000000000000000e+00
6.87377379200199284e-02 1.70836248597446755e-01
1.85206315660702336e-01 -6.91923931821522842e-02
0.00000000000000000e+00 0.00000000000000000e+00
0.00000000000000000e+00 0.00000000000000000e+00
8.79366279662439077e-02 2.19695338428255935e-02
5.34732970944262614e-02 3.17062795634319439e-01
0.00000000000000000e+00 0.00000000000000000e+00
-1.17390814685370617e-01 -1.75359672463986926e-01
0.00000000000000000e+00 0.00000000000000000e+00
0.00000000000000000e+00 0.00000000000000000e+00
-1.24490726046204980e-01 -2.59728292590643395e-01
0.00000000000000000e+00 0.00000000000000000e+00
-8.37691941046437849e-02 3.04462810881326151e-01
1.64396727501746026e-01 -1.41610344032098101e-01
0.00000000000000000e+00 0.00000000000000000e+00
-3.57037347135122363e-02 -2.25085317748405872e-01
0.00000000000000000e+00 0.00000000000000000e+00
0.00000000000000000e+00 0.00000000000000000e+00
-1.94491178697545342e-01 -1.53131276831101032e-01
4.06063483267169387e-02 2.05956423649674453e-01
0.00000000000000000e+00 0.00000000000000000e+00
0.00000000000000000e+00 0.00000000000000000e+00
-1.01095097784469595e-01 -1.25052540743729040e-01
0.00000000000000000e+00 0.00000000000000000e+00
-8.00099074687220246e-03 0.00000000000000000e+00
1.72845148863739029e-01 -3.54612335545507612e-02
0.00000000000000000e+00 0.00000000000000000e+00
0.00000000000000000e+00 0.00000000000000000e+00
0.00000000000000000e+00 0.00000000000000000e+00
1.17277414276190373e-01 -3.94804195675235725e-03
0.00000000000000000e+00 0.00000000000000000e+00
2.23808080046936031e-01 -1.69677244438601466e-02
0.00000000000000000e+00 0.00000000000000000e+00
0.00000000000000000e+00 0.00000000000000000e+00
-1.62680352455033594e-01 -9.79496038673750846e-03
5.34925314079479075e-03 -1.02281164887247450e-01
0.00000000000000000e+00 0.00000000000000000e+00
0.00000000000000000e+00 0.00000000000000000e+00
-3.00638198683769592e-02 -3.81450646668729521e-02
0.00000000000000000e+00 0.00000000000000000e+00
-3.06898313542641119e-02 9.83444245238825066e-03
1.69366390168846553e-01 1.33893504551062054e-01
0.00000000000000000e+00 0.00000000000000000e+00
3.57279543507506639e-02 -6.76782674272128071e-02
0.00000000000000000e+00 0.00000000000000000e+00
0.00000000000000000e+00 0.00000000000000000e+00
-2.59706827388587330e-02 2.54642089339244815e-01
0.00000000000000000e+00 0.00000000000000000e+00
1.45137365264140089e-02 1.24778673911036600e-01
1.32648882117833850e-01 -4.26966176708344566e-02
0.00000000000000000e+00 0.00000000000000000e+00
0.00000000000000000e+00 0.00000000000000000e+00
-4.31117762271848587e-02 -1.06601970155445799e-01
-1.39297262559522905e-02 5.42940484362221740e-02
0.00000000000000000e+00 0.00000000000000000e+00
-2.02838347027581717e-01 -1.12701253942288013e-01
0.00000000000000000e+00 0.00000000000000000e+00
0.00000000000000000e+00 0.00000000000000000e+00
-7.96720170774027903e-02 -1.05626460925181048e-01
-2.06600178733715195e-01 1.08654443970540249e-01
0.00000000000000000e+00 0.00000000000000000e+00
0.00000000000000000e+00 0.00000000000000000e+00
-3.41565834819525030e-02 1.28125567140861762e-01
0.00000000000000000e+00 0.00000000000000000e+00
4.45469794164949362e-02 5.55127932383480613e-02
-2.72453086128375925e-02 3.10622231559570083e-01
0.00000000000000000e+00 0.00000000000000000e+00
0.00000000000000000e+00 0.00000000000000000e+00
5.79749191608534484e-02 7.76562985611172762e-02
-1.36890815712145692e-02 -5.29212789048668086e-02
0.00000000000000000e+00 0.00000000000000000e+00
9.08637566648054229e-02 1.12376762340394579e-01
0.00000000000000000e+00 0.00000000000000000e+00
0.00000000000000000e+00 0.00000000000000000e+00
6.25193783490575472e-02 -5.57746486018756357e-02
0.00000000000000000e+00 0.00000000000000000e+00
-7.08292381428295426e-02 -4.10074773660600161e-02
4.07785333914096465e-03 2.10979485193687533e-01
0.00000000000000000e+00 0.00000000000000000e+00
-6.21451742844890409e-03 2.32346081220624091e-03
0.00000000000000000e+00 0.00000000000000000e+00
0.00000000000000000e+00 0.00000000000000000e+00
-1.32234884119904361e-01 -1.99783720105637073e-02
-4.85466677065551841e-02 1.17187361278360908e-01
0.00000000000000000e+00 0.00000000000000000e+00
0.00000000000000000e+00 0.00000000000000000e+00
1.62754394649078704e-01 -2.89024511294060874e-03
0.00000000000000000e+00 0.00000000000000000e+00
1.72845148863739029e-01 3.54612335545507612e-02
-1.33274976940382511e-02 0.00000000000000000e+00
0.00000000000000000e+00 0.00000000000000000e+00
0.00000000000000000e+00 0.00000000000000000e+00
0.00000000000000000e+00 0.00000000000000000e+00
0.00000000000000000e+00 0.00000000000000000e+00
1.17277414276190373e-01 -3.94804195675235725e-03
0.00000000000000000e+00 0.00000000000000000e+00
2.23808080046936031e-01 -1.69677244438601466e-02
-1.25993670392648138e-01 8.79278599312043607e-02
0.00000000000000000e+00 0.00000000000000000e+00
0.00000000000000000e+00 0.00000000000000000e+00
5.34925314079479075e-03 -1.02281164887247450e-01
1.97877336549239918e-02 5.14656096115444980e-02
0.00000000000000000e+00 0.00000000000000000e+00
-1.61122077292360194e-01 -6.65257045501884275e-02
0.00000000000000000e+00 0.00000000000000000e+00
0.00000000000000000e+00 0.00000000000000000e+00
-2.28268424563497496e-02 3.15908106340191466e-02
0.00000000000000000e+00 0.00000000000000000e+00
3.57279543507506639e-02 -6.76782674272128071e-02
1.84395617768952358e-03 -5.20406602915051558e-02
0.00000000000000000e+00 0.00000000000000000e+00
-1.69336504835103541e-01 -1.12743292818088439e-01
0.00000000000000000e+00 0.00000000000000000e+00
0.00000000000000000e+00 0.00000000000000000e+00
-1.17608004704116850e-01 1.25199717466564470e-01
-3.11625901500209523e-01 8.63112301426542800e-02
0.00000000000000000e+00 0.00000000000000000e+00
0.00000000000000000e+00 0.00000000000000000e+00
4.50038365050994399e-02 1.37771503286415381e-01
0.00000000000000000e+00 0.00000000000000000e+00
-1.06762544834555426e-01 -9.70899409569213473e-02
1.22346281152839326e-01 2.38371495035809400e-01
0.00000000000000000e+00 0.00000000000000000e+00
0.00000000000000000e+00 0.00000000000000000e+00
-2.06600178733715195e-01 1.08654443970540249e-01
-2.31179383840679695e-02 -3.31002042520952555e-02
0.00000000000000000e+00 0.00000000000000000e+00
5.40349979888504750e-02 2.63783656675282280e-02
0.00000000000000000e+00 0.00000000000000000e+00
0.00000000000000000e+00 0.00000000000000000e+00
1.77265804328643854e-02 3.65964974563684153e-01
-7.24941266007049778e-02 -3.68639830478650274e-02
0.00000000000000000e+00 0.00000000000000000e+00
0.00000000000000000e+00 0.00000000000000000e+00
-9.16569082555540177e-02 -8.24423674265995776e-02
0.00000000000000000e+00 0.00000000000000000e+00
1.57720460070414820e-01 1.54321904399447124e-01
-5.12373543269037043e-03 1.35426853574000028e-01
0.00000000000000000e+00 0.00000000000000000e+00
5.10423632420342541e-02 -7.19100305171915671e-02
0.00000000000000000e+00 0.00000000000000000e+00
0.00000000000000000e+00 0.00000000000000000e+00
4.33920297477190173e-02 3.92026383027349323e-01
0.00000000000000000e+00 0.00000000000000000e+00
1.37076666888630433e-01 -6.53594114848050911e-02
-1.46632415727755760e-01 3.57679235484581193e-02
0.00000000000000000e+00 0.00000000000000000e+00
0.00000000000000000e+00 0.00000000000000000e+00
-1.19215497982857799e-01 1.96111962172115323e-01
1.36182356027335860e-01 -2.59004964270461879e-01
0.00000000000000000e+00 0.00000000000000000e+00
-1.65654037436723051e-01 -4.46007774040900612e-02
0.00000000000000000e+00 0.00000000000000000e+00
0.00000000000000000e+00 0.00000000000000000e+00
3.56687657934751101e-03 0.00000000000000000e+00
-1.65446105761939100e+00
-1.65446105761938655e+00
-1.61980201950081892e+00
-1.61980201950081404e+00
-1.45260811872729678e+00
-1.45260811872729634e+00
-1.39310994176687175e+00
-1.39310994176686687e+00
-1.20575650302116100e+00
-1.20575650302116077e+00
-1.14293520416981509e+00
-1.14293520416980532e+00
-9.38368868946425794e-01
-9.38368868946424239e-01
-8.73658952368939978e-01
-8.73658952368935982e-01
-7.78547683539451141e-01
-7.78547683539448143e-01
-7.43627472309232651e-01
-7.43627472309232540e-01
-6.05488310495111648e-01
-6.05488310495109872e-01
-5.24484130067598420e-01
-5.24484130067597643e-01
-2.67880706831226167e-01
-2.67880706831225446e-01
-2.09370685004550722e-01
-2.09370685004550472e-01
-1.14570025126935329e-01
-1.14570025126934760e-01
-7.06320201987551272e-02
-7.06320201987550439e-02
1.27798271409087144e-01
1.27798271409088310e-01
1.90271124852605361e-01
1.90271124852606000e-01
2.75339525492357906e-01
2.75339525492358239e-01
2.92613523316615554e-01
2.92613523316615942e-01
4.89440256648517313e-01
4.89440256648518091e-01
5.49964166806483634e-01
5.49964166806483745e-01
7.64074297781710543e-01
7.64074297781711098e-01
8.01436626150502374e-01
8.01436626150502818e-01
9.02265685693415365e-01
9.02265685693415920e-01
9.77569823292973372e-01
9.77569823292976592e-01
1.12784032312004578e+00
1.12784032312004845e+00
1.21167277691008834e+00
1.21167277691008946e+00
1.28610187031840040e+00
1.28610187031840084e+00
1.29106119721975121e+00
1.29106119721975166e+00
1.59923976690880099e+00
1.59923976690880565e+00
1.70861246377219578e+00
1.70861246377219778e+00
